x_value,PID,PNAME,STATUS,CPU,NUM THREADS,MEMORY(MB)0,19616,Zoom.exe,running,0.00%,29,60.846
0,15200,Zoom.exe,running,0.00%,36,92.520
1,19616,Zoom.exe,running,0.00%,29,60.846
1,15200,Zoom.exe,running,0.00%,36,92.520
2,19616,Zoom.exe,running,0.00%,29,60.846
2,15200,Zoom.exe,running,0.00%,36,92.520
3,19616,Zoom.exe,running,0.00%,29,60.846
3,15200,Zoom.exe,running,0.00%,36,92.520
4,19616,Zoom.exe,running,0.00%,29,60.846
4,15200,Zoom.exe,running,0.00%,36,92.520
5,19616,Zoom.exe,running,0.00%,29,60.846
5,15200,Zoom.exe,running,0.00%,36,92.520
6,19616,Zoom.exe,running,0.00%,29,60.846
6,15200,Zoom.exe,running,0.00%,36,92.520
7,19616,Zoom.exe,running,0.00%,29,60.846
7,15200,Zoom.exe,running,0.00%,36,92.520
8,19616,Zoom.exe,running,0.00%,29,60.846
8,15200,Zoom.exe,running,0.00%,36,92.520
9,19616,Zoom.exe,running,0.00%,29,60.846
9,15200,Zoom.exe,running,0.00%,36,92.520
10,19616,Zoom.exe,running,0.00%,29,60.846
10,15200,Zoom.exe,running,0.00%,36,92.520
11,19616,Zoom.exe,running,0.00%,29,60.846
11,15200,Zoom.exe,running,0.00%,36,92.520
12,15200,Zoom.exe,running,2.50%,36,92.525
12,19616,Zoom.exe,running,0.00%,29,60.846
13,19616,Zoom.exe,running,0.00%,29,60.846
13,15200,Zoom.exe,running,0.00%,36,92.525
14,19616,Zoom.exe,running,0.00%,29,60.846
14,15200,Zoom.exe,running,0.00%,36,92.525
15,19616,Zoom.exe,running,0.00%,29,60.846
15,15200,Zoom.exe,running,0.00%,36,92.525
16,19616,Zoom.exe,running,0.00%,29,60.846
16,15200,Zoom.exe,running,0.00%,36,92.525
17,19616,Zoom.exe,running,0.00%,29,60.846
17,15200,Zoom.exe,running,0.00%,36,92.525
18,19616,Zoom.exe,running,0.00%,28,60.838
18,15200,Zoom.exe,running,0.00%,36,92.525
19,19616,Zoom.exe,running,0.00%,28,60.838
19,15200,Zoom.exe,running,0.00%,36,92.525
20,19616,Zoom.exe,running,0.00%,28,60.838
20,15200,Zoom.exe,running,0.00%,36,92.525
21,19616,Zoom.exe,running,0.00%,28,60.838
21,15200,Zoom.exe,running,0.00%,36,92.525
22,19616,Zoom.exe,running,0.00%,28,60.838
22,15200,Zoom.exe,running,0.00%,36,92.525
23,19616,Zoom.exe,running,0.00%,28,60.838
23,15200,Zoom.exe,running,0.00%,36,92.525
24,19616,Zoom.exe,running,0.00%,28,60.838
24,15200,Zoom.exe,running,0.00%,36,92.525
25,19616,Zoom.exe,running,0.00%,29,60.854
25,15200,Zoom.exe,running,0.00%,36,92.529
26,19616,Zoom.exe,running,0.00%,29,60.854
26,15200,Zoom.exe,running,0.00%,36,92.529
27,19616,Zoom.exe,running,0.00%,29,60.854
27,15200,Zoom.exe,running,0.00%,36,92.529
28,19616,Zoom.exe,running,0.00%,29,60.854
28,15200,Zoom.exe,running,0.00%,36,92.529
29,19616,Zoom.exe,running,0.00%,29,60.854
29,15200,Zoom.exe,running,0.00%,36,92.529
30,19616,Zoom.exe,running,0.00%,29,60.854
30,15200,Zoom.exe,running,0.00%,36,92.529
31,19616,Zoom.exe,running,0.00%,29,60.854
31,15200,Zoom.exe,running,0.00%,36,92.529
32,19616,Zoom.exe,running,0.00%,29,60.854
32,15200,Zoom.exe,running,0.00%,36,92.529
33,15200,Zoom.exe,running,2.77%,36,92.529
33,19616,Zoom.exe,running,0.00%,29,60.854
34,19616,Zoom.exe,running,0.00%,29,60.854
34,15200,Zoom.exe,running,0.00%,36,92.529
35,19616,Zoom.exe,running,0.00%,29,60.854
35,15200,Zoom.exe,running,0.00%,36,92.529
36,19616,Zoom.exe,running,0.00%,29,60.854
36,15200,Zoom.exe,running,0.00%,36,92.529
37,19616,Zoom.exe,running,0.00%,29,60.854
37,15200,Zoom.exe,running,0.00%,36,92.529
38,19616,Zoom.exe,running,0.00%,29,60.862
38,15200,Zoom.exe,running,0.00%,36,92.533
39,19616,Zoom.exe,running,0.00%,29,60.862
39,15200,Zoom.exe,running,0.00%,36,92.533
40,19616,Zoom.exe,running,0.00%,29,60.862
40,15200,Zoom.exe,running,0.00%,36,92.533
41,19616,Zoom.exe,running,0.00%,29,60.862
41,15200,Zoom.exe,running,0.00%,36,92.533
42,19616,Zoom.exe,running,0.00%,29,60.862
42,15200,Zoom.exe,running,0.00%,36,92.533
43,19616,Zoom.exe,running,0.00%,29,60.862
43,15200,Zoom.exe,running,0.00%,36,92.533
44,19616,Zoom.exe,running,0.00%,29,60.862
44,15200,Zoom.exe,running,0.00%,36,92.533
45,15200,Zoom.exe,running,2.80%,36,92.537
45,19616,Zoom.exe,running,0.00%,29,60.862
46,19616,Zoom.exe,running,0.00%,29,60.862
46,15200,Zoom.exe,running,0.00%,36,92.537
47,19616,Zoom.exe,running,0.00%,29,60.862
47,15200,Zoom.exe,running,0.00%,36,92.537
48,19616,Zoom.exe,running,0.00%,29,60.862
48,15200,Zoom.exe,running,0.00%,36,92.606
49,19616,Zoom.exe,running,0.00%,29,60.862
49,15200,Zoom.exe,running,0.00%,36,92.606
50,19616,Zoom.exe,running,0.00%,29,60.862
50,15200,Zoom.exe,running,0.00%,36,92.606
51,19616,Zoom.exe,running,0.00%,29,60.862
51,15200,Zoom.exe,running,0.00%,36,92.606
52,19616,Zoom.exe,running,0.00%,29,60.862
52,15200,Zoom.exe,running,0.00%,36,92.606
53,19616,Zoom.exe,running,0.00%,29,60.862
53,15200,Zoom.exe,running,0.00%,36,92.606
54,19616,Zoom.exe,running,0.00%,29,60.862
54,15200,Zoom.exe,running,0.00%,36,92.606
55,19616,Zoom.exe,running,0.00%,29,60.862
55,15200,Zoom.exe,running,0.00%,36,92.606
56,19616,Zoom.exe,running,0.00%,29,60.862
56,15200,Zoom.exe,running,0.00%,36,92.606
57,19616,Zoom.exe,running,0.00%,29,60.862
57,15200,Zoom.exe,running,0.00%,36,92.606
58,19616,Zoom.exe,running,0.00%,29,60.862
58,15200,Zoom.exe,running,0.00%,36,92.606
59,19616,Zoom.exe,running,0.00%,29,60.862
59,15200,Zoom.exe,running,0.00%,36,92.606
60,19616,Zoom.exe,running,0.00%,29,60.862
60,15200,Zoom.exe,running,0.00%,36,92.606
61,19616,Zoom.exe,running,0.00%,30,61.129
61,15200,Zoom.exe,running,0.00%,36,92.606
62,19616,Zoom.exe,running,0.00%,30,61.129
62,15200,Zoom.exe,running,0.00%,36,92.606
63,19616,Zoom.exe,running,0.00%,30,61.137
63,15200,Zoom.exe,running,0.00%,36,92.615
64,19616,Zoom.exe,running,0.00%,30,61.137
64,15200,Zoom.exe,running,0.00%,36,92.615
65,19616,Zoom.exe,running,0.00%,30,61.137
65,15200,Zoom.exe,running,0.00%,36,92.615
66,19616,Zoom.exe,running,0.00%,30,61.137
66,15200,Zoom.exe,running,0.00%,36,92.619
67,19616,Zoom.exe,running,0.00%,30,61.137
67,15200,Zoom.exe,running,0.00%,36,92.619
68,19616,Zoom.exe,running,0.00%,30,61.137
68,15200,Zoom.exe,running,0.00%,36,92.619
69,15200,Zoom.exe,running,2.50%,36,92.619
69,19616,Zoom.exe,running,0.00%,30,61.137
70,19616,Zoom.exe,running,0.00%,30,61.137
70,15200,Zoom.exe,running,0.00%,36,92.619
71,19616,Zoom.exe,running,0.00%,30,61.137
71,15200,Zoom.exe,running,0.00%,36,92.619
72,19616,Zoom.exe,running,0.00%,30,61.137
72,15200,Zoom.exe,running,0.00%,36,92.619
73,19616,Zoom.exe,running,0.00%,30,61.137
73,15200,Zoom.exe,running,0.00%,36,92.619
74,19616,Zoom.exe,running,0.00%,30,61.137
74,15200,Zoom.exe,running,0.00%,36,92.619
75,19616,Zoom.exe,running,0.00%,30,61.137
75,15200,Zoom.exe,running,0.00%,36,92.619
76,19616,Zoom.exe,running,0.00%,30,61.137
76,15200,Zoom.exe,running,0.00%,36,92.619
77,19616,Zoom.exe,running,0.00%,30,61.137
77,15200,Zoom.exe,running,0.00%,36,92.619
78,19616,Zoom.exe,running,0.00%,30,61.137
78,15200,Zoom.exe,running,0.00%,36,92.619
79,19616,Zoom.exe,running,0.00%,30,61.137
79,15200,Zoom.exe,running,0.00%,36,92.619
80,19616,Zoom.exe,running,0.00%,30,61.137
80,15200,Zoom.exe,running,0.00%,36,92.619
81,19616,Zoom.exe,running,0.00%,30,61.137
81,15200,Zoom.exe,running,0.00%,36,92.619
82,19616,Zoom.exe,running,0.00%,30,61.137
82,15200,Zoom.exe,running,0.00%,36,92.619
83,19616,Zoom.exe,running,0.00%,30,61.137
83,15200,Zoom.exe,running,0.00%,36,92.619
84,19616,Zoom.exe,running,0.00%,30,61.137
84,15200,Zoom.exe,running,0.00%,36,92.783
85,19616,Zoom.exe,running,3.12%,30,61.137
85,15200,Zoom.exe,running,0.00%,36,92.787
86,19616,Zoom.exe,running,0.00%,30,61.137
86,15200,Zoom.exe,running,0.00%,36,92.795
87,19616,Zoom.exe,running,0.00%,30,61.137
87,15200,Zoom.exe,running,0.00%,36,92.795
88,19616,Zoom.exe,running,0.00%,30,61.145
88,15200,Zoom.exe,running,0.00%,36,92.795
89,19616,Zoom.exe,running,0.00%,30,61.145
89,15200,Zoom.exe,running,0.00%,36,92.795
90,19616,Zoom.exe,running,0.00%,30,61.145
90,15200,Zoom.exe,running,0.00%,36,92.795
91,19616,Zoom.exe,running,0.00%,30,61.145
91,15200,Zoom.exe,running,0.00%,36,92.795
92,19616,Zoom.exe,running,0.00%,30,61.145
92,15200,Zoom.exe,running,0.00%,36,92.795
93,19616,Zoom.exe,running,0.00%,30,61.145
93,15200,Zoom.exe,running,0.00%,36,92.795
94,19616,Zoom.exe,running,0.00%,30,61.145
94,15200,Zoom.exe,running,0.00%,36,92.799
95,19616,Zoom.exe,running,0.00%,30,61.145
95,15200,Zoom.exe,running,0.00%,36,92.799
96,19616,Zoom.exe,running,0.00%,30,61.145
96,15200,Zoom.exe,running,0.00%,36,92.799
97,19616,Zoom.exe,running,0.00%,30,61.145
97,15200,Zoom.exe,running,0.00%,36,92.799
98,19616,Zoom.exe,running,0.00%,30,61.145
98,15200,Zoom.exe,running,0.00%,36,92.799
99,19616,Zoom.exe,running,0.00%,30,61.145
99,15200,Zoom.exe,running,0.00%,36,92.799
100,19616,Zoom.exe,running,0.00%,30,61.145
100,15200,Zoom.exe,running,0.00%,36,92.799
101,19616,Zoom.exe,running,0.00%,30,61.145
101,15200,Zoom.exe,running,0.00%,36,92.799
102,19616,Zoom.exe,running,0.00%,30,61.145
102,15200,Zoom.exe,running,0.00%,36,92.799
103,19616,Zoom.exe,running,0.00%,30,61.145
103,15200,Zoom.exe,running,0.00%,36,92.799
104,19616,Zoom.exe,running,0.00%,30,61.145
104,15200,Zoom.exe,running,0.00%,36,92.799
105,19616,Zoom.exe,running,0.00%,30,61.145
105,15200,Zoom.exe,running,0.00%,36,92.799
106,19616,Zoom.exe,running,0.00%,30,61.145
106,15200,Zoom.exe,running,0.00%,36,92.799
107,19616,Zoom.exe,running,0.00%,30,61.145
107,15200,Zoom.exe,running,0.00%,36,92.799
108,19616,Zoom.exe,running,0.00%,30,61.145
108,15200,Zoom.exe,running,0.00%,36,92.799
109,19616,Zoom.exe,running,0.00%,30,61.145
109,15200,Zoom.exe,running,0.00%,36,92.799
110,19616,Zoom.exe,running,0.00%,30,61.145
110,15200,Zoom.exe,running,0.00%,36,92.803
111,19616,Zoom.exe,running,0.00%,30,61.145
111,15200,Zoom.exe,running,0.00%,36,92.803
112,19616,Zoom.exe,running,0.00%,30,61.145
112,15200,Zoom.exe,running,0.00%,36,92.803
113,19616,Zoom.exe,running,0.00%,30,61.145
113,15200,Zoom.exe,running,0.00%,36,92.803
114,19616,Zoom.exe,running,0.00%,30,61.145
114,15200,Zoom.exe,running,0.00%,36,92.803
115,19616,Zoom.exe,running,0.00%,30,61.145
115,15200,Zoom.exe,running,0.00%,36,92.803
116,19616,Zoom.exe,running,0.00%,30,61.145
116,15200,Zoom.exe,running,0.00%,36,92.807
117,19616,Zoom.exe,running,0.00%,30,61.145
117,15200,Zoom.exe,running,0.00%,36,92.807
118,19616,Zoom.exe,running,0.00%,30,61.145
118,15200,Zoom.exe,running,0.00%,36,92.807
119,19616,Zoom.exe,running,0.00%,30,61.145
119,15200,Zoom.exe,running,0.00%,36,92.811
120,19616,Zoom.exe,running,0.00%,30,61.145
120,15200,Zoom.exe,running,0.00%,36,92.811
121,19616,Zoom.exe,running,0.00%,30,61.145
121,15200,Zoom.exe,running,0.00%,36,92.811
122,19616,Zoom.exe,running,0.00%,30,61.145
122,15200,Zoom.exe,running,0.00%,36,92.811
123,19616,Zoom.exe,running,0.00%,30,61.145
123,15200,Zoom.exe,running,0.00%,36,92.811
124,19616,Zoom.exe,running,0.00%,30,61.145
124,15200,Zoom.exe,running,0.00%,36,92.811
125,19616,Zoom.exe,running,0.00%,30,61.145
125,15200,Zoom.exe,running,0.00%,36,92.815
126,19616,Zoom.exe,running,0.00%,30,61.145
126,15200,Zoom.exe,running,0.00%,36,92.815
127,19616,Zoom.exe,running,0.00%,30,61.145
127,15200,Zoom.exe,running,0.00%,36,92.815
128,19616,Zoom.exe,running,0.00%,30,61.145
128,15200,Zoom.exe,running,0.00%,36,92.819
129,19616,Zoom.exe,running,0.00%,30,61.145
129,15200,Zoom.exe,running,0.00%,36,92.819
130,19616,Zoom.exe,running,0.00%,30,61.145
130,15200,Zoom.exe,running,0.00%,36,92.819
131,19616,Zoom.exe,running,0.00%,30,61.145
131,15200,Zoom.exe,running,0.00%,36,92.819
132,19616,Zoom.exe,running,0.00%,30,61.145
132,15200,Zoom.exe,running,0.00%,36,92.824
133,19616,Zoom.exe,running,0.00%,30,61.145
133,15200,Zoom.exe,running,0.00%,36,92.824
134,19616,Zoom.exe,running,0.00%,30,61.145
134,15200,Zoom.exe,running,0.00%,36,92.824
135,19616,Zoom.exe,running,0.00%,30,61.145
135,15200,Zoom.exe,running,0.00%,36,92.824
136,19616,Zoom.exe,running,0.00%,30,61.145
136,15200,Zoom.exe,running,0.00%,36,92.824
137,19616,Zoom.exe,running,0.00%,30,61.145
137,15200,Zoom.exe,running,0.00%,36,92.824
138,19616,Zoom.exe,running,0.00%,30,61.145
138,15200,Zoom.exe,running,0.00%,36,92.889
139,19616,Zoom.exe,running,0.00%,30,61.145
139,15200,Zoom.exe,running,0.00%,36,92.889
140,19616,Zoom.exe,running,0.00%,29,61.129
140,15200,Zoom.exe,running,0.00%,36,92.889
141,19616,Zoom.exe,running,0.00%,29,61.129
141,15200,Zoom.exe,running,0.00%,36,92.889
142,19616,Zoom.exe,running,0.00%,29,61.129
142,15200,Zoom.exe,running,0.00%,36,92.889
143,19616,Zoom.exe,running,0.00%,29,61.129
143,15200,Zoom.exe,running,0.00%,36,92.889
144,19616,Zoom.exe,running,0.00%,29,61.129
144,15200,Zoom.exe,running,0.00%,36,92.889
145,19616,Zoom.exe,running,0.00%,29,61.129
145,15200,Zoom.exe,running,0.00%,36,92.889
146,19616,Zoom.exe,running,0.00%,29,61.129
146,15200,Zoom.exe,running,0.00%,36,92.889
147,19616,Zoom.exe,running,0.00%,29,61.129
147,15200,Zoom.exe,running,0.00%,36,92.889
148,19616,Zoom.exe,running,0.00%,29,61.129
148,15200,Zoom.exe,running,0.00%,36,92.889
149,19616,Zoom.exe,running,0.00%,29,61.129
149,15200,Zoom.exe,running,0.00%,36,92.889
150,19616,Zoom.exe,running,0.00%,29,61.129
150,15200,Zoom.exe,running,0.00%,36,92.889
151,19616,Zoom.exe,running,0.00%,29,61.129
151,15200,Zoom.exe,running,0.00%,36,92.889
152,19616,Zoom.exe,running,0.00%,29,61.129
152,15200,Zoom.exe,running,0.00%,36,92.889
153,19616,Zoom.exe,running,0.00%,29,61.129
153,15200,Zoom.exe,running,0.00%,36,92.889
154,19616,Zoom.exe,running,0.00%,29,61.129
154,15200,Zoom.exe,running,0.00%,36,92.889
155,19616,Zoom.exe,running,0.00%,29,61.129
155,15200,Zoom.exe,running,0.00%,36,92.889
156,19616,Zoom.exe,running,0.00%,29,61.129
156,15200,Zoom.exe,running,0.00%,36,92.889
157,19616,Zoom.exe,running,0.00%,29,61.129
157,15200,Zoom.exe,running,0.00%,36,92.889
158,19616,Zoom.exe,running,0.00%,29,61.129
158,15200,Zoom.exe,running,0.00%,36,92.889
159,19616,Zoom.exe,running,0.00%,29,61.129
159,15200,Zoom.exe,running,0.00%,36,92.889
160,19616,Zoom.exe,running,0.00%,29,61.129
160,15200,Zoom.exe,running,0.00%,36,92.889
161,19616,Zoom.exe,running,0.00%,29,61.129
161,15200,Zoom.exe,running,0.00%,36,92.889
162,19616,Zoom.exe,running,0.00%,29,61.129
162,15200,Zoom.exe,running,0.00%,36,92.889
163,19616,Zoom.exe,running,0.00%,29,61.129
163,15200,Zoom.exe,running,0.00%,36,92.889
164,19616,Zoom.exe,running,0.00%,29,61.129
164,15200,Zoom.exe,running,0.00%,36,92.889
165,19616,Zoom.exe,running,0.00%,29,61.129
165,15200,Zoom.exe,running,0.00%,36,92.889
166,19616,Zoom.exe,running,0.00%,29,61.129
166,15200,Zoom.exe,running,0.00%,36,92.889
167,19616,Zoom.exe,running,0.00%,29,61.129
167,15200,Zoom.exe,running,0.00%,36,92.889
168,19616,Zoom.exe,running,0.00%,29,61.129
168,15200,Zoom.exe,running,0.00%,36,92.889
169,19616,Zoom.exe,running,0.00%,29,61.129
169,15200,Zoom.exe,running,0.00%,36,92.889
170,19616,Zoom.exe,running,0.00%,29,61.129
170,15200,Zoom.exe,running,0.00%,36,92.889
171,19616,Zoom.exe,running,2.80%,29,61.129
171,15200,Zoom.exe,running,0.00%,36,92.889
172,19616,Zoom.exe,running,0.00%,29,61.129
172,15200,Zoom.exe,running,0.00%,36,92.889
173,19616,Zoom.exe,running,0.00%,29,61.129
173,15200,Zoom.exe,running,0.00%,36,92.889
174,19616,Zoom.exe,running,0.00%,29,61.129
174,15200,Zoom.exe,running,0.00%,36,92.889
175,19616,Zoom.exe,running,0.00%,29,61.129
175,15200,Zoom.exe,running,0.00%,36,92.889
176,19616,Zoom.exe,running,0.00%,29,61.129
176,15200,Zoom.exe,running,0.00%,36,92.889
177,19616,Zoom.exe,running,0.00%,29,61.129
177,15200,Zoom.exe,running,0.00%,36,92.889
178,19616,Zoom.exe,running,0.00%,29,61.129
178,15200,Zoom.exe,running,0.00%,36,92.889
179,19616,Zoom.exe,running,0.00%,29,61.129
179,15200,Zoom.exe,running,0.00%,36,92.889
180,19616,Zoom.exe,running,0.00%,29,61.129
180,15200,Zoom.exe,running,0.00%,36,92.889
181,19616,Zoom.exe,running,0.00%,29,61.129
181,15200,Zoom.exe,running,0.00%,36,92.889
182,19616,Zoom.exe,running,0.00%,29,61.129
182,15200,Zoom.exe,running,0.00%,36,92.889
183,19616,Zoom.exe,running,0.00%,29,61.129
183,15200,Zoom.exe,running,0.00%,36,92.889
184,19616,Zoom.exe,running,0.00%,29,61.129
184,15200,Zoom.exe,running,0.00%,36,92.889
185,19616,Zoom.exe,running,0.00%,29,61.129
185,15200,Zoom.exe,running,0.00%,36,92.889
186,19616,Zoom.exe,running,0.00%,29,61.129
186,15200,Zoom.exe,running,0.00%,36,92.889
187,19616,Zoom.exe,running,0.00%,29,61.129
187,15200,Zoom.exe,running,0.00%,36,92.889
188,19616,Zoom.exe,running,0.00%,29,61.129
188,15200,Zoom.exe,running,0.00%,36,92.889
189,19616,Zoom.exe,running,0.00%,29,61.129
189,15200,Zoom.exe,running,0.00%,36,92.889
190,19616,Zoom.exe,running,0.00%,29,61.129
190,15200,Zoom.exe,running,0.00%,36,92.889
191,19616,Zoom.exe,running,0.00%,29,61.129
191,15200,Zoom.exe,running,0.00%,36,92.889
192,19616,Zoom.exe,running,0.00%,29,61.129
192,15200,Zoom.exe,running,0.00%,36,92.889
193,19616,Zoom.exe,running,0.00%,29,61.129
193,15200,Zoom.exe,running,0.00%,36,92.889
194,19616,Zoom.exe,running,0.00%,29,61.129
194,15200,Zoom.exe,running,0.00%,36,92.889
195,19616,Zoom.exe,running,0.00%,29,61.129
195,15200,Zoom.exe,running,0.00%,36,92.889
196,19616,Zoom.exe,running,0.00%,29,61.129
196,15200,Zoom.exe,running,0.00%,36,92.889
197,19616,Zoom.exe,running,0.00%,29,61.129
197,15200,Zoom.exe,running,0.00%,36,92.889
198,19616,Zoom.exe,running,0.00%,29,61.129
198,15200,Zoom.exe,running,0.00%,36,92.889
199,19616,Zoom.exe,running,0.00%,29,61.129
199,15200,Zoom.exe,running,0.00%,36,92.889
200,19616,Zoom.exe,running,0.00%,29,61.129
200,15200,Zoom.exe,running,0.00%,36,92.889
201,19616,Zoom.exe,running,0.00%,29,61.129
201,15200,Zoom.exe,running,0.00%,36,92.889
202,19616,Zoom.exe,running,0.00%,29,61.129
202,15200,Zoom.exe,running,0.00%,36,92.889
203,19616,Zoom.exe,running,0.00%,29,61.129
203,15200,Zoom.exe,running,0.00%,36,92.889
204,19616,Zoom.exe,running,0.00%,29,61.129
204,15200,Zoom.exe,running,0.00%,36,92.889
205,19616,Zoom.exe,running,0.00%,29,61.129
205,15200,Zoom.exe,running,0.00%,36,92.889
206,19616,Zoom.exe,running,0.00%,29,61.129
206,15200,Zoom.exe,running,0.00%,36,92.889
207,19616,Zoom.exe,running,0.00%,29,61.129
207,15200,Zoom.exe,running,0.00%,36,92.889
208,19616,Zoom.exe,running,0.00%,29,61.129
208,15200,Zoom.exe,running,0.00%,36,92.889
209,19616,Zoom.exe,running,0.00%,29,61.129
209,15200,Zoom.exe,running,0.00%,36,92.889
210,19616,Zoom.exe,running,0.00%,29,61.129
210,15200,Zoom.exe,running,0.00%,36,92.889
211,19616,Zoom.exe,running,0.00%,29,61.129
211,15200,Zoom.exe,running,0.00%,36,92.889
212,19616,Zoom.exe,running,0.00%,29,61.129
212,15200,Zoom.exe,running,0.00%,36,92.889
213,19616,Zoom.exe,running,0.00%,29,61.129
213,15200,Zoom.exe,running,0.00%,36,92.889
214,19616,Zoom.exe,running,0.00%,29,61.129
214,15200,Zoom.exe,running,0.00%,36,92.889
215,19616,Zoom.exe,running,0.00%,29,61.129
215,15200,Zoom.exe,running,0.00%,36,92.889
216,19616,Zoom.exe,running,0.00%,29,61.129
216,15200,Zoom.exe,running,0.00%,36,92.889
217,19616,Zoom.exe,running,0.00%,29,61.129
217,15200,Zoom.exe,running,0.00%,31,92.774
218,19616,Zoom.exe,running,0.00%,29,61.129
218,15200,Zoom.exe,running,0.00%,32,92.791
219,19616,Zoom.exe,running,0.00%,29,61.129
219,15200,Zoom.exe,running,0.00%,32,92.791
220,19616,Zoom.exe,running,0.00%,29,61.129
220,15200,Zoom.exe,running,0.00%,32,92.791
221,19616,Zoom.exe,running,0.00%,27,61.096
221,15200,Zoom.exe,running,0.00%,32,92.791
222,19616,Zoom.exe,running,0.00%,27,61.096
222,15200,Zoom.exe,running,0.00%,32,92.791
223,19616,Zoom.exe,running,0.00%,27,61.096
223,15200,Zoom.exe,running,0.00%,32,92.791
224,19616,Zoom.exe,running,0.00%,27,61.096
224,15200,Zoom.exe,running,0.00%,32,92.791
225,19616,Zoom.exe,running,0.00%,27,61.096
225,15200,Zoom.exe,running,0.00%,32,92.791
226,19616,Zoom.exe,running,0.00%,27,61.096
226,15200,Zoom.exe,running,0.00%,32,92.791
227,19616,Zoom.exe,running,0.00%,27,61.096
227,15200,Zoom.exe,running,0.00%,32,92.791
228,19616,Zoom.exe,running,0.00%,27,61.096
228,15200,Zoom.exe,running,0.00%,32,92.791
229,19616,Zoom.exe,running,0.00%,27,61.096
229,15200,Zoom.exe,running,0.00%,32,92.791
230,19616,Zoom.exe,running,0.00%,27,61.096
230,15200,Zoom.exe,running,0.00%,32,92.791
231,19616,Zoom.exe,running,2.80%,27,61.096
231,15200,Zoom.exe,running,0.00%,32,92.791
232,19616,Zoom.exe,running,0.00%,28,61.112
232,15200,Zoom.exe,running,0.00%,32,92.791
233,19616,Zoom.exe,running,0.00%,28,61.112
233,15200,Zoom.exe,running,0.00%,32,92.791
234,19616,Zoom.exe,running,0.00%,28,61.112
234,15200,Zoom.exe,running,0.00%,32,92.791
235,19616,Zoom.exe,running,0.00%,28,61.112
235,15200,Zoom.exe,running,0.00%,32,92.791
236,19616,Zoom.exe,running,0.00%,28,61.112
236,15200,Zoom.exe,running,0.00%,32,92.791
237,19616,Zoom.exe,running,0.00%,28,61.112
237,15200,Zoom.exe,running,0.00%,32,92.791
238,19616,Zoom.exe,running,0.00%,28,61.112
238,15200,Zoom.exe,running,0.00%,32,92.791
239,19616,Zoom.exe,running,0.00%,28,61.112
239,15200,Zoom.exe,running,0.00%,32,92.791
240,19616,Zoom.exe,running,0.00%,28,61.112
240,15200,Zoom.exe,running,0.00%,32,92.791
241,19616,Zoom.exe,running,0.00%,28,61.112
241,15200,Zoom.exe,running,0.00%,32,92.791
242,19616,Zoom.exe,running,0.00%,28,61.112
242,15200,Zoom.exe,running,0.00%,32,92.791
243,19616,Zoom.exe,running,0.00%,28,61.112
243,15200,Zoom.exe,running,0.00%,32,92.791
244,19616,Zoom.exe,running,0.00%,28,61.112
244,15200,Zoom.exe,running,0.00%,32,92.791
245,19616,Zoom.exe,running,0.00%,28,61.112
245,15200,Zoom.exe,running,0.00%,32,92.791
246,19616,Zoom.exe,running,0.00%,28,61.112
246,15200,Zoom.exe,running,0.00%,32,92.791
247,19616,Zoom.exe,running,0.00%,28,61.112
247,15200,Zoom.exe,running,0.00%,32,92.791
248,19616,Zoom.exe,running,0.00%,28,61.112
248,15200,Zoom.exe,running,0.00%,32,92.791
249,19616,Zoom.exe,running,0.00%,28,61.112
249,15200,Zoom.exe,running,0.00%,32,92.791
250,19616,Zoom.exe,running,0.00%,28,61.112
250,15200,Zoom.exe,running,0.00%,32,92.791
251,19616,Zoom.exe,running,0.00%,28,61.112
251,15200,Zoom.exe,running,0.00%,32,92.791
252,19616,Zoom.exe,running,0.00%,28,61.112
252,15200,Zoom.exe,running,0.00%,32,92.791
253,19616,Zoom.exe,running,0.00%,28,61.112
253,15200,Zoom.exe,running,0.00%,32,92.791
254,19616,Zoom.exe,running,0.00%,28,61.112
254,15200,Zoom.exe,running,0.00%,32,92.791
255,19616,Zoom.exe,running,0.00%,28,61.112
255,15200,Zoom.exe,running,0.00%,32,92.791
256,19616,Zoom.exe,running,0.00%,28,61.112
256,15200,Zoom.exe,running,0.00%,32,92.791
257,19616,Zoom.exe,running,0.00%,28,61.112
257,15200,Zoom.exe,running,0.00%,32,92.791
258,19616,Zoom.exe,running,0.00%,28,61.112
258,15200,Zoom.exe,running,0.00%,32,92.791
259,19616,Zoom.exe,running,0.00%,28,61.112
259,15200,Zoom.exe,running,0.00%,32,92.791
260,19616,Zoom.exe,running,0.00%,28,61.112
260,15200,Zoom.exe,running,0.00%,32,92.791
261,19616,Zoom.exe,running,0.00%,28,61.112
261,15200,Zoom.exe,running,0.00%,32,92.791
262,19616,Zoom.exe,running,0.00%,28,61.112
262,15200,Zoom.exe,running,0.00%,32,92.791
263,19616,Zoom.exe,running,0.00%,28,61.112
263,15200,Zoom.exe,running,0.00%,32,92.791
264,19616,Zoom.exe,running,0.00%,28,61.112
264,15200,Zoom.exe,running,0.00%,32,92.791
265,19616,Zoom.exe,running,0.00%,28,61.112
265,15200,Zoom.exe,running,0.00%,32,92.791
266,19616,Zoom.exe,running,0.00%,28,61.112
266,15200,Zoom.exe,running,0.00%,32,92.791
267,19616,Zoom.exe,running,0.00%,28,61.112
267,15200,Zoom.exe,running,0.00%,32,92.791
268,19616,Zoom.exe,running,0.00%,28,61.112
268,15200,Zoom.exe,running,0.00%,32,92.791
269,19616,Zoom.exe,running,0.00%,28,61.112
269,15200,Zoom.exe,running,0.00%,32,92.791
270,19616,Zoom.exe,running,0.00%,28,61.112
270,15200,Zoom.exe,running,0.00%,32,92.791
271,19616,Zoom.exe,running,0.00%,28,61.112
271,15200,Zoom.exe,running,0.00%,32,92.791
272,19616,Zoom.exe,running,0.00%,28,61.112
272,15200,Zoom.exe,running,0.00%,32,92.791
273,19616,Zoom.exe,running,0.00%,28,61.112
273,15200,Zoom.exe,running,0.00%,32,92.791
274,19616,Zoom.exe,running,0.00%,28,61.112
274,15200,Zoom.exe,running,0.00%,32,92.791
275,19616,Zoom.exe,running,3.55%,28,61.112
275,15200,Zoom.exe,running,0.00%,32,92.791
276,19616,Zoom.exe,running,0.00%,28,61.112
276,15200,Zoom.exe,running,0.00%,32,92.791
277,19616,Zoom.exe,running,0.00%,28,61.112
277,15200,Zoom.exe,running,0.00%,32,92.791
278,19616,Zoom.exe,running,0.00%,28,61.112
278,15200,Zoom.exe,running,0.00%,32,92.791
279,19616,Zoom.exe,running,0.00%,28,61.112
279,15200,Zoom.exe,running,0.00%,32,92.791
280,19616,Zoom.exe,running,0.00%,28,61.112
280,15200,Zoom.exe,running,0.00%,32,92.791
281,19616,Zoom.exe,running,0.00%,28,61.112
281,15200,Zoom.exe,running,0.00%,32,92.791
282,19616,Zoom.exe,running,0.00%,28,61.112
282,15200,Zoom.exe,running,0.00%,32,92.791
283,19616,Zoom.exe,running,0.00%,28,61.112
283,15200,Zoom.exe,running,0.00%,32,92.791
284,19616,Zoom.exe,running,0.00%,28,61.112
284,15200,Zoom.exe,running,0.00%,32,92.791
285,19616,Zoom.exe,running,0.00%,28,61.112
285,15200,Zoom.exe,running,0.00%,32,92.791
286,19616,Zoom.exe,running,0.00%,28,61.112
286,15200,Zoom.exe,running,0.00%,32,92.791
287,19616,Zoom.exe,running,0.00%,28,61.112
287,15200,Zoom.exe,running,0.00%,32,92.791
288,19616,Zoom.exe,running,0.00%,28,61.112
288,15200,Zoom.exe,running,0.00%,32,92.791
289,19616,Zoom.exe,running,0.00%,28,61.112
289,15200,Zoom.exe,running,0.00%,32,92.791
290,19616,Zoom.exe,running,0.00%,28,61.112
290,15200,Zoom.exe,running,0.00%,32,92.791
291,19616,Zoom.exe,running,0.00%,28,61.112
291,15200,Zoom.exe,running,0.00%,32,92.791
292,19616,Zoom.exe,running,0.00%,28,61.112
292,15200,Zoom.exe,running,0.00%,32,92.791
293,19616,Zoom.exe,running,0.00%,28,61.112
293,15200,Zoom.exe,running,0.00%,32,92.791
294,19616,Zoom.exe,running,0.00%,28,61.112
294,15200,Zoom.exe,running,0.00%,32,92.791
295,19616,Zoom.exe,running,0.00%,28,61.112
295,15200,Zoom.exe,running,0.00%,32,92.807
296,19616,Zoom.exe,running,0.00%,28,61.112
296,15200,Zoom.exe,running,0.00%,32,92.852
297,19616,Zoom.exe,running,0.00%,28,61.112
297,15200,Zoom.exe,running,0.00%,32,92.852
298,19616,Zoom.exe,running,0.00%,28,61.112
298,15200,Zoom.exe,running,0.00%,32,92.852
299,19616,Zoom.exe,running,0.00%,28,61.112
299,15200,Zoom.exe,running,0.00%,32,92.852
300,19616,Zoom.exe,running,0.00%,28,61.112
300,15200,Zoom.exe,running,0.00%,31,92.836
301,15200,Zoom.exe,running,2.77%,32,92.852
301,19616,Zoom.exe,running,0.00%,28,61.112
302,19616,Zoom.exe,running,0.00%,28,61.112
302,15200,Zoom.exe,running,0.00%,32,92.852
303,19616,Zoom.exe,running,0.00%,28,61.112
303,15200,Zoom.exe,running,0.00%,32,92.852
304,15200,Zoom.exe,running,2.77%,32,92.852
304,19616,Zoom.exe,running,0.00%,28,61.112
305,19616,Zoom.exe,running,0.00%,28,61.112
305,15200,Zoom.exe,running,0.00%,32,92.852
306,15200,Zoom.exe,running,2.80%,32,92.852
306,19616,Zoom.exe,running,0.00%,28,61.112
307,19616,Zoom.exe,running,0.00%,28,61.112
307,15200,Zoom.exe,running,0.00%,32,92.852
308,19616,Zoom.exe,running,0.00%,28,61.112
308,15200,Zoom.exe,running,0.00%,32,92.852
309,19616,Zoom.exe,running,0.00%,28,61.112
309,15200,Zoom.exe,running,0.00%,32,92.852
310,19616,Zoom.exe,running,0.00%,28,61.112
310,15200,Zoom.exe,running,0.00%,32,92.852
311,19616,Zoom.exe,running,0.00%,28,61.112
311,15200,Zoom.exe,running,0.00%,32,92.852
312,15200,Zoom.exe,running,2.77%,32,92.885
312,19616,Zoom.exe,running,0.00%,28,61.112
313,19616,Zoom.exe,running,0.00%,28,61.112
313,15200,Zoom.exe,running,0.00%,32,92.885
314,19616,Zoom.exe,running,0.00%,28,61.112
314,15200,Zoom.exe,running,0.00%,32,92.885
315,19616,Zoom.exe,running,0.00%,28,61.112
315,15200,Zoom.exe,running,0.00%,32,92.885
316,19616,Zoom.exe,running,0.00%,28,61.112
316,15200,Zoom.exe,running,0.00%,32,92.848
317,19616,Zoom.exe,running,3.12%,28,61.112
317,15200,Zoom.exe,running,0.00%,32,92.848
318,19616,Zoom.exe,running,0.00%,28,61.112
318,15200,Zoom.exe,running,0.00%,32,92.848
319,19616,Zoom.exe,running,0.00%,28,61.112
319,15200,Zoom.exe,running,0.00%,32,92.848
320,15200,Zoom.exe,running,12.53%,32,93.110
320,19616,Zoom.exe,running,0.00%,28,61.112
321,19616,Zoom.exe,running,0.00%,28,61.112
321,15200,Zoom.exe,running,0.00%,32,92.852
322,19616,Zoom.exe,running,0.00%,28,61.112
322,15200,Zoom.exe,running,0.00%,32,92.848
323,19616,Zoom.exe,running,0.00%,28,61.112
323,15200,Zoom.exe,running,0.00%,32,92.848
324,19616,Zoom.exe,running,0.00%,28,61.112
324,15200,Zoom.exe,running,0.00%,32,92.848
325,19616,Zoom.exe,running,0.00%,28,61.112
325,15200,Zoom.exe,running,0.00%,32,92.848
326,19616,Zoom.exe,running,0.00%,28,61.112
326,15200,Zoom.exe,running,0.00%,32,92.848
327,19616,Zoom.exe,running,0.00%,28,61.112
327,15200,Zoom.exe,running,0.00%,32,92.848
328,19616,Zoom.exe,running,0.00%,28,61.112
328,15200,Zoom.exe,running,0.00%,32,92.848
329,19616,Zoom.exe,running,0.00%,28,61.112
329,15200,Zoom.exe,running,0.00%,32,92.881
330,19616,Zoom.exe,running,0.00%,28,61.112
330,15200,Zoom.exe,running,0.00%,32,92.881
331,19616,Zoom.exe,running,0.00%,28,61.112
331,15200,Zoom.exe,running,0.00%,32,92.881
332,19616,Zoom.exe,running,0.00%,28,61.112
332,15200,Zoom.exe,running,0.00%,32,92.881
333,19616,Zoom.exe,running,0.00%,28,61.112
333,15200,Zoom.exe,running,0.00%,32,92.897
334,19616,Zoom.exe,running,0.00%,28,61.112
334,15200,Zoom.exe,running,0.00%,32,92.901
335,19616,Zoom.exe,running,0.00%,28,61.112
335,15200,Zoom.exe,running,0.00%,32,92.901
336,19616,Zoom.exe,running,0.00%,28,61.112
336,15200,Zoom.exe,running,0.00%,32,92.901
337,19616,Zoom.exe,running,0.00%,28,61.112
337,15200,Zoom.exe,running,0.00%,32,92.901
338,19616,Zoom.exe,running,0.00%,28,61.112
338,15200,Zoom.exe,running,0.00%,32,92.901
339,19616,Zoom.exe,running,0.00%,28,61.112
339,15200,Zoom.exe,running,0.00%,32,92.901
340,19616,Zoom.exe,running,0.00%,28,61.112
340,15200,Zoom.exe,running,0.00%,32,92.901
341,19616,Zoom.exe,running,0.00%,28,61.112
341,15200,Zoom.exe,running,0.00%,32,92.901
342,19616,Zoom.exe,running,0.00%,28,61.112
342,15200,Zoom.exe,running,0.00%,32,92.901
343,19616,Zoom.exe,running,0.00%,28,61.112
343,15200,Zoom.exe,running,0.00%,32,92.901
344,19616,Zoom.exe,running,0.00%,28,61.112
344,15200,Zoom.exe,running,0.00%,32,92.901
345,19616,Zoom.exe,running,0.00%,28,61.112
345,15200,Zoom.exe,running,0.00%,32,92.901
346,19616,Zoom.exe,running,0.00%,28,61.112
346,15200,Zoom.exe,running,0.00%,32,92.901
347,19616,Zoom.exe,running,0.00%,28,61.112
347,15200,Zoom.exe,running,0.00%,32,92.901
348,19616,Zoom.exe,running,0.00%,28,61.112
348,15200,Zoom.exe,running,0.00%,32,92.901
349,19616,Zoom.exe,running,0.00%,28,61.112
349,15200,Zoom.exe,running,0.00%,32,92.901
350,19616,Zoom.exe,running,0.00%,28,61.112
350,15200,Zoom.exe,running,0.00%,32,92.901
351,19616,Zoom.exe,running,0.00%,28,61.112
351,15200,Zoom.exe,running,0.00%,32,92.901
352,19616,Zoom.exe,running,0.00%,28,61.112
352,15200,Zoom.exe,running,0.00%,32,92.901
353,19616,Zoom.exe,running,0.00%,28,61.112
353,15200,Zoom.exe,running,0.00%,32,92.901
354,19616,Zoom.exe,running,0.00%,28,61.112
354,15200,Zoom.exe,running,0.00%,32,92.901
355,19616,Zoom.exe,running,0.00%,28,61.112
355,15200,Zoom.exe,running,0.00%,32,92.901
356,19616,Zoom.exe,running,0.00%,28,61.112
356,15200,Zoom.exe,running,0.00%,32,92.901
357,19616,Zoom.exe,running,0.00%,28,61.112
357,15200,Zoom.exe,running,0.00%,32,92.901
358,19616,Zoom.exe,running,0.00%,28,61.112
358,15200,Zoom.exe,running,0.00%,32,92.901
359,19616,Zoom.exe,running,0.00%,28,61.112
359,15200,Zoom.exe,running,0.00%,32,92.901
360,19616,Zoom.exe,running,0.00%,28,61.112
360,15200,Zoom.exe,running,0.00%,32,92.901
361,19616,Zoom.exe,running,0.00%,28,61.112
361,15200,Zoom.exe,running,0.00%,32,92.901
362,19616,Zoom.exe,running,0.00%,28,61.112
362,15200,Zoom.exe,running,0.00%,32,92.901
363,19616,Zoom.exe,running,0.00%,28,61.112
363,15200,Zoom.exe,running,0.00%,32,92.901
364,19616,Zoom.exe,running,0.00%,28,61.112
364,15200,Zoom.exe,running,0.00%,32,92.901
365,19616,Zoom.exe,running,0.00%,28,61.112
365,15200,Zoom.exe,running,0.00%,32,92.901
366,19616,Zoom.exe,running,0.00%,28,61.112
366,15200,Zoom.exe,running,0.00%,32,92.901
367,19616,Zoom.exe,running,0.00%,28,61.112
367,15200,Zoom.exe,running,0.00%,32,92.901
368,19616,Zoom.exe,running,0.00%,28,61.112
368,15200,Zoom.exe,running,0.00%,32,92.901
369,19616,Zoom.exe,running,0.00%,28,61.112
369,15200,Zoom.exe,running,0.00%,32,92.901
370,19616,Zoom.exe,running,0.00%,28,61.112
370,15200,Zoom.exe,running,0.00%,32,92.938
371,19616,Zoom.exe,running,0.00%,29,61.129
371,15200,Zoom.exe,running,0.00%,34,92.979
372,19616,Zoom.exe,running,0.00%,29,61.129
372,15200,Zoom.exe,running,0.00%,34,92.979
373,19616,Zoom.exe,running,0.00%,29,61.129
373,15200,Zoom.exe,running,0.00%,34,92.979
374,19616,Zoom.exe,running,0.00%,29,61.129
374,15200,Zoom.exe,running,0.00%,34,92.979
375,19616,Zoom.exe,running,0.00%,29,61.129
375,15200,Zoom.exe,running,0.00%,34,92.979
376,19616,Zoom.exe,running,0.00%,29,61.129
376,15200,Zoom.exe,running,0.00%,34,92.979
377,19616,Zoom.exe,running,0.00%,29,61.129
377,15200,Zoom.exe,running,0.00%,35,92.996
378,19616,Zoom.exe,running,0.00%,29,61.129
378,15200,Zoom.exe,running,0.00%,35,92.996
379,19616,Zoom.exe,running,0.00%,29,61.129
379,15200,Zoom.exe,running,0.00%,35,92.996
380,19616,Zoom.exe,running,0.00%,29,61.129
380,15200,Zoom.exe,running,0.00%,35,93.028
381,19616,Zoom.exe,running,6.25%,49,109.081
381,15200,Zoom.exe,running,0.00%,37,94.630
382,19616,Zoom.exe,running,0.00%,62,119.820
382,15200,Zoom.exe,running,0.00%,37,94.859
383,19616,Zoom.exe,running,6.25%,61,119.468
383,15200,Zoom.exe,running,0.00%,37,94.888
384,19616,Zoom.exe,running,28.88%,105,148.812
384,15200,Zoom.exe,running,0.00%,37,98.025
385,19616,Zoom.exe,running,0.00%,115,159.228
385,15200,Zoom.exe,running,0.00%,37,98.025
386,19616,Zoom.exe,running,0.00%,119,161.804
386,15200,Zoom.exe,running,0.00%,37,98.042
387,19616,Zoom.exe,running,9.38%,119,161.788
387,15200,Zoom.exe,running,0.00%,37,98.042
388,19616,Zoom.exe,running,21.88%,119,161.833
388,15200,Zoom.exe,running,0.00%,37,98.042
389,19616,Zoom.exe,running,3.12%,119,161.882
389,15200,Zoom.exe,running,0.00%,37,98.042
390,19616,Zoom.exe,running,3.58%,119,162.157
390,15200,Zoom.exe,running,0.00%,37,98.042
391,19616,Zoom.exe,running,5.55%,118,162.116
391,15200,Zoom.exe,running,0.00%,37,98.042
392,19616,Zoom.exe,running,7.50%,118,162.124
392,15200,Zoom.exe,running,0.00%,37,98.042
393,19616,Zoom.exe,running,6.25%,118,162.124
393,15200,Zoom.exe,running,0.00%,37,98.042
394,19616,Zoom.exe,running,9.38%,118,161.980
394,15200,Zoom.exe,running,0.00%,37,98.042
395,19616,Zoom.exe,running,13.95%,119,161.997
395,15200,Zoom.exe,running,0.00%,37,98.042
396,19616,Zoom.exe,running,12.50%,118,161.915
396,15200,Zoom.exe,running,0.00%,36,98.025
397,19616,Zoom.exe,running,9.95%,118,161.915
397,15200,Zoom.exe,running,0.00%,36,98.025
398,19616,Zoom.exe,running,8.38%,118,161.915
398,15200,Zoom.exe,running,0.00%,36,98.025
399,19616,Zoom.exe,running,5.55%,118,161.915
399,15200,Zoom.exe,running,0.00%,36,98.025
400,19616,Zoom.exe,running,6.25%,118,161.915
400,15200,Zoom.exe,running,0.00%,36,98.025
401,19616,Zoom.exe,running,6.25%,119,162.243
401,15200,Zoom.exe,running,0.00%,36,98.025
402,19616,Zoom.exe,running,3.12%,119,162.243
402,15200,Zoom.exe,running,0.00%,36,98.025
403,19616,Zoom.exe,running,3.12%,119,162.263
403,15200,Zoom.exe,running,0.00%,36,98.025
404,19616,Zoom.exe,running,21.88%,119,162.263
404,15200,Zoom.exe,running,0.00%,36,98.025
405,19616,Zoom.exe,running,3.12%,119,162.263
405,15200,Zoom.exe,running,0.00%,36,98.025
406,19616,Zoom.exe,running,3.12%,119,162.263
406,15200,Zoom.exe,running,0.00%,36,98.025
407,19616,Zoom.exe,running,0.00%,119,162.120
407,15200,Zoom.exe,running,0.00%,36,98.025
408,19616,Zoom.exe,running,6.25%,119,162.120
408,15200,Zoom.exe,running,0.00%,36,98.025
409,19616,Zoom.exe,running,2.77%,119,162.120
409,15200,Zoom.exe,running,0.00%,36,98.030
410,19616,Zoom.exe,running,12.45%,119,162.124
410,15200,Zoom.exe,running,0.00%,36,98.030
411,19616,Zoom.exe,running,3.12%,116,162.075
411,15200,Zoom.exe,running,0.00%,36,98.030
412,19616,Zoom.exe,running,3.12%,115,162.058
412,15200,Zoom.exe,running,0.00%,36,98.030
413,19616,Zoom.exe,running,19.40%,116,162.075
413,15200,Zoom.exe,running,0.00%,36,98.030
414,19616,Zoom.exe,running,12.50%,116,162.075
414,15200,Zoom.exe,running,0.00%,36,98.030
415,19616,Zoom.exe,running,2.77%,116,162.075
415,15200,Zoom.exe,running,0.00%,36,98.030
416,19616,Zoom.exe,running,3.58%,116,162.075
416,15200,Zoom.exe,running,0.00%,32,97.960
417,19616,Zoom.exe,running,3.12%,116,162.079
417,15200,Zoom.exe,running,0.00%,33,97.980
418,19616,Zoom.exe,running,0.00%,115,162.062
418,15200,Zoom.exe,running,0.00%,33,97.980
419,19616,Zoom.exe,running,6.25%,96,161.526
419,15200,Zoom.exe,running,0.00%,33,97.980
420,19616,Zoom.exe,running,17.43%,95,161.493
420,15200,Zoom.exe,running,0.00%,33,97.980
421,19616,Zoom.exe,running,13.85%,95,161.493
421,15200,Zoom.exe,running,0.00%,33,97.980
422,19616,Zoom.exe,running,7.17%,95,161.493
422,15200,Zoom.exe,running,0.00%,33,97.980
423,19616,Zoom.exe,running,9.07%,95,161.493
423,15200,Zoom.exe,running,0.00%,33,97.980
424,19616,Zoom.exe,running,3.12%,95,161.493
424,15200,Zoom.exe,running,0.00%,33,97.980
425,19616,Zoom.exe,running,8.30%,95,161.493
425,15200,Zoom.exe,running,0.00%,33,97.980
426,19616,Zoom.exe,running,3.12%,95,161.493
426,15200,Zoom.exe,running,0.00%,33,97.980
427,19616,Zoom.exe,running,5.00%,95,161.493
427,15200,Zoom.exe,running,0.00%,33,97.980
428,19616,Zoom.exe,running,0.00%,95,161.497
428,15200,Zoom.exe,running,0.00%,33,97.980
429,19616,Zoom.exe,running,3.12%,95,161.497
429,15200,Zoom.exe,running,0.00%,33,97.980
430,19616,Zoom.exe,running,18.75%,95,161.497
430,15200,Zoom.exe,running,0.00%,33,97.980
431,19616,Zoom.exe,running,15.62%,95,161.497
431,15200,Zoom.exe,running,2.50%,33,97.980
432,19616,Zoom.exe,running,3.12%,95,161.497
432,15200,Zoom.exe,running,0.00%,33,97.980
433,19616,Zoom.exe,running,9.38%,95,161.501
433,15200,Zoom.exe,running,0.00%,33,97.980
434,19616,Zoom.exe,running,0.00%,95,161.501
434,15200,Zoom.exe,running,0.00%,33,97.980
435,19616,Zoom.exe,running,6.25%,95,161.501
435,15200,Zoom.exe,running,0.00%,33,97.980
436,19616,Zoom.exe,running,0.00%,95,161.501
436,15200,Zoom.exe,running,0.00%,33,97.980
437,19616,Zoom.exe,running,3.12%,95,161.501
437,15200,Zoom.exe,running,0.00%,33,97.980
438,19616,Zoom.exe,running,37.50%,95,161.501
438,15200,Zoom.exe,running,0.00%,33,97.980
439,19616,Zoom.exe,running,10.75%,95,161.501
439,15200,Zoom.exe,running,0.00%,33,97.980
440,19616,Zoom.exe,running,10.75%,95,161.501
440,15200,Zoom.exe,running,0.00%,33,97.980
441,19616,Zoom.exe,running,8.30%,96,161.628
441,15200,Zoom.exe,running,0.00%,33,97.980
442,19616,Zoom.exe,running,3.12%,96,161.628
442,15200,Zoom.exe,running,0.00%,33,97.980
443,19616,Zoom.exe,running,6.25%,96,161.636
443,15200,Zoom.exe,running,0.00%,33,97.980
444,19616,Zoom.exe,running,6.25%,96,161.542
444,15200,Zoom.exe,running,0.00%,33,97.980
445,19616,Zoom.exe,running,8.30%,96,161.702
445,15200,Zoom.exe,running,0.00%,33,97.980
446,19616,Zoom.exe,running,5.55%,96,162.922
446,15200,Zoom.exe,running,0.00%,33,97.980
447,19616,Zoom.exe,running,3.12%,96,162.922
447,15200,Zoom.exe,running,0.00%,33,97.980
448,19616,Zoom.exe,running,6.25%,96,162.910
448,15200,Zoom.exe,running,0.00%,33,97.980
449,19616,Zoom.exe,running,9.38%,96,162.906
449,15200,Zoom.exe,running,2.50%,33,97.980
450,19616,Zoom.exe,running,15.62%,96,162.906
450,15200,Zoom.exe,running,0.00%,33,97.980
451,19616,Zoom.exe,running,12.50%,96,162.906
451,15200,Zoom.exe,running,0.00%,33,97.980
452,19616,Zoom.exe,running,5.55%,96,162.906
452,15200,Zoom.exe,running,0.00%,33,97.980
453,19616,Zoom.exe,running,3.55%,96,162.906
453,15200,Zoom.exe,running,0.00%,33,97.980
454,19616,Zoom.exe,running,12.50%,90,162.611
454,15200,Zoom.exe,running,0.00%,33,97.980
455,19616,Zoom.exe,running,12.50%,90,162.611
455,15200,Zoom.exe,running,0.00%,33,97.980
456,19616,Zoom.exe,running,0.00%,90,162.611
456,15200,Zoom.exe,running,0.00%,33,97.980
457,19616,Zoom.exe,running,6.25%,90,162.611
457,15200,Zoom.exe,running,0.00%,33,97.980
458,19616,Zoom.exe,running,9.38%,90,162.611
458,15200,Zoom.exe,running,0.00%,33,97.980
459,19616,Zoom.exe,running,8.30%,90,162.611
459,15200,Zoom.exe,running,0.00%,33,97.980
460,19616,Zoom.exe,running,8.30%,90,162.611
460,15200,Zoom.exe,running,0.00%,33,97.980
461,19616,Zoom.exe,running,0.00%,90,162.611
461,15200,Zoom.exe,running,0.00%,33,97.980
462,19616,Zoom.exe,running,0.00%,90,162.611
462,15200,Zoom.exe,running,0.00%,33,97.980
463,19616,Zoom.exe,running,3.55%,90,162.611
463,15200,Zoom.exe,running,0.00%,33,97.980
464,19616,Zoom.exe,running,3.55%,90,162.611
464,15200,Zoom.exe,running,0.00%,33,97.980
465,19616,Zoom.exe,running,12.50%,90,162.611
465,15200,Zoom.exe,running,0.00%,33,97.980
466,19616,Zoom.exe,running,9.38%,90,162.611
466,15200,Zoom.exe,running,0.00%,33,97.980
467,19616,Zoom.exe,running,9.38%,90,162.611
467,15200,Zoom.exe,running,0.00%,33,97.980
468,19616,Zoom.exe,running,21.88%,90,162.611
468,15200,Zoom.exe,running,0.00%,33,97.980
469,19616,Zoom.exe,running,0.00%,90,162.611
469,15200,Zoom.exe,running,0.00%,33,97.980
470,19616,Zoom.exe,running,3.12%,90,162.611
470,15200,Zoom.exe,running,0.00%,33,97.980
471,19616,Zoom.exe,running,25.00%,90,162.611
471,15200,Zoom.exe,running,0.00%,33,97.980
472,19616,Zoom.exe,running,10.65%,90,162.611
472,15200,Zoom.exe,running,0.00%,33,97.980
473,19616,Zoom.exe,running,3.55%,90,162.611
473,15200,Zoom.exe,running,0.00%,33,97.980
474,19616,Zoom.exe,running,8.38%,90,162.611
474,15200,Zoom.exe,running,0.00%,33,97.980
475,19616,Zoom.exe,running,12.50%,90,162.611
475,15200,Zoom.exe,running,0.00%,33,97.980
476,19616,Zoom.exe,running,7.50%,90,162.611
476,15200,Zoom.exe,running,0.00%,33,97.980
477,19616,Zoom.exe,running,8.30%,90,162.611
477,15200,Zoom.exe,running,0.00%,33,97.980
478,19616,Zoom.exe,running,0.00%,90,162.607
478,15200,Zoom.exe,running,0.00%,33,97.980
479,19616,Zoom.exe,running,3.12%,90,162.607
479,15200,Zoom.exe,running,0.00%,33,97.980
480,19616,Zoom.exe,running,3.12%,90,162.607
480,15200,Zoom.exe,running,0.00%,33,97.980
481,19616,Zoom.exe,running,9.38%,90,162.607
481,15200,Zoom.exe,running,0.00%,33,97.980
482,19616,Zoom.exe,running,7.17%,90,162.607
482,15200,Zoom.exe,running,0.00%,33,97.980
483,19616,Zoom.exe,running,3.12%,90,162.607
483,15200,Zoom.exe,running,0.00%,33,97.980
484,19616,Zoom.exe,running,10.75%,90,162.607
484,15200,Zoom.exe,running,0.00%,33,97.980
485,19616,Zoom.exe,running,3.12%,90,162.607
485,15200,Zoom.exe,running,0.00%,33,97.980
486,19616,Zoom.exe,running,8.38%,90,162.611
486,15200,Zoom.exe,running,0.00%,33,97.980
487,19616,Zoom.exe,running,0.00%,90,162.611
487,15200,Zoom.exe,running,0.00%,33,97.980
488,19616,Zoom.exe,running,3.55%,90,162.611
488,15200,Zoom.exe,running,0.00%,33,97.980
489,19616,Zoom.exe,running,8.30%,90,162.611
489,15200,Zoom.exe,running,0.00%,33,97.980
490,19616,Zoom.exe,running,9.38%,89,162.591
490,15200,Zoom.exe,running,0.00%,33,97.980
491,19616,Zoom.exe,running,7.10%,89,162.591
491,15200,Zoom.exe,running,0.00%,33,97.980
492,19616,Zoom.exe,running,7.17%,89,162.591
492,15200,Zoom.exe,running,0.00%,33,97.980
493,19616,Zoom.exe,running,6.25%,89,162.591
493,15200,Zoom.exe,running,0.00%,33,97.980
494,19616,Zoom.exe,running,9.38%,89,162.591
494,15200,Zoom.exe,running,0.00%,33,97.980
495,19616,Zoom.exe,running,8.30%,89,162.591
495,15200,Zoom.exe,running,0.00%,33,97.980
496,19616,Zoom.exe,running,12.50%,89,162.591
496,15200,Zoom.exe,running,0.00%,33,97.980
497,19616,Zoom.exe,running,9.38%,89,162.591
497,15200,Zoom.exe,running,0.00%,33,97.980
498,19616,Zoom.exe,running,3.55%,89,162.591
498,15200,Zoom.exe,running,0.00%,33,97.980
499,19616,Zoom.exe,running,0.00%,89,162.591
499,15200,Zoom.exe,running,0.00%,33,97.980
500,19616,Zoom.exe,running,3.12%,89,162.591
500,15200,Zoom.exe,running,0.00%,33,97.980
501,19616,Zoom.exe,running,3.12%,89,162.591
501,15200,Zoom.exe,running,0.00%,33,97.980
502,19616,Zoom.exe,running,6.25%,89,162.591
502,15200,Zoom.exe,running,0.00%,33,97.980
503,19616,Zoom.exe,running,3.12%,89,162.591
503,15200,Zoom.exe,running,0.00%,33,97.980
504,19616,Zoom.exe,running,6.25%,89,162.591
504,15200,Zoom.exe,running,0.00%,33,97.980
505,19616,Zoom.exe,running,13.85%,89,162.591
505,15200,Zoom.exe,running,0.00%,33,97.980
506,19616,Zoom.exe,running,11.07%,89,162.591
506,15200,Zoom.exe,running,0.00%,33,97.980
507,19616,Zoom.exe,running,6.25%,89,162.591
507,15200,Zoom.exe,running,0.00%,33,97.980
508,19616,Zoom.exe,running,9.38%,89,162.591
508,15200,Zoom.exe,running,2.50%,33,97.980
509,19616,Zoom.exe,running,15.62%,89,162.591
509,15200,Zoom.exe,running,0.00%,33,97.980
510,19616,Zoom.exe,running,9.38%,89,162.591
510,15200,Zoom.exe,running,0.00%,33,97.980
511,19616,Zoom.exe,running,7.10%,89,162.591
511,15200,Zoom.exe,running,0.00%,33,97.980
512,19616,Zoom.exe,running,7.10%,89,162.591
512,15200,Zoom.exe,running,0.00%,33,97.980
513,19616,Zoom.exe,running,7.10%,88,162.574
513,15200,Zoom.exe,running,0.00%,33,97.980
514,19616,Zoom.exe,running,9.38%,88,162.574
514,15200,Zoom.exe,running,0.00%,33,97.980
515,19616,Zoom.exe,running,0.00%,88,162.574
515,15200,Zoom.exe,running,0.00%,33,97.980
516,19616,Zoom.exe,running,5.58%,88,162.574
516,15200,Zoom.exe,running,0.00%,33,97.980
517,19616,Zoom.exe,running,9.38%,88,162.574
517,15200,Zoom.exe,running,0.00%,33,97.980
518,19616,Zoom.exe,running,8.38%,88,162.574
518,15200,Zoom.exe,running,0.00%,33,97.980
519,19616,Zoom.exe,running,10.65%,88,162.574
519,15200,Zoom.exe,running,0.00%,33,97.980
520,19616,Zoom.exe,running,9.38%,88,162.574
520,15200,Zoom.exe,running,0.00%,33,97.980
521,19616,Zoom.exe,running,8.30%,88,162.574
521,15200,Zoom.exe,running,0.00%,33,97.980
522,19616,Zoom.exe,running,8.30%,88,162.574
522,15200,Zoom.exe,running,0.00%,33,97.980
523,19616,Zoom.exe,running,13.85%,88,162.574
523,15200,Zoom.exe,running,0.00%,32,97.964
524,19616,Zoom.exe,running,15.62%,88,162.574
524,15200,Zoom.exe,running,0.00%,33,97.980
525,19616,Zoom.exe,running,12.50%,88,162.574
525,15200,Zoom.exe,running,0.00%,33,97.980
526,19616,Zoom.exe,running,8.38%,88,162.574
526,15200,Zoom.exe,running,0.00%,33,97.980
527,19616,Zoom.exe,running,8.30%,87,162.558
527,15200,Zoom.exe,running,0.00%,33,97.980
528,19616,Zoom.exe,running,2.77%,88,162.574
528,15200,Zoom.exe,running,0.00%,33,97.980
529,19616,Zoom.exe,running,13.85%,88,162.574
529,15200,Zoom.exe,running,0.00%,33,97.980
530,19616,Zoom.exe,running,8.38%,88,162.574
530,15200,Zoom.exe,running,0.00%,33,97.980
531,19616,Zoom.exe,running,9.38%,88,162.574
531,15200,Zoom.exe,running,0.00%,33,97.980
532,19616,Zoom.exe,running,9.38%,88,162.574
532,15200,Zoom.exe,running,0.00%,33,97.980
533,19616,Zoom.exe,running,3.12%,88,162.574
533,15200,Zoom.exe,running,0.00%,33,97.980
534,19616,Zoom.exe,running,12.50%,88,162.574
534,15200,Zoom.exe,running,0.00%,33,97.980
535,19616,Zoom.exe,running,12.50%,88,162.574
535,15200,Zoom.exe,running,0.00%,33,97.980
536,19616,Zoom.exe,running,2.77%,88,162.574
536,15200,Zoom.exe,running,0.00%,33,97.980
537,19616,Zoom.exe,running,11.07%,88,162.574
537,15200,Zoom.exe,running,0.00%,33,97.980
538,19616,Zoom.exe,running,14.20%,88,162.574
538,15200,Zoom.exe,running,0.00%,33,97.980
539,19616,Zoom.exe,running,15.03%,88,162.574
539,15200,Zoom.exe,running,0.00%,33,97.980
540,19616,Zoom.exe,running,3.12%,88,162.578
540,15200,Zoom.exe,running,0.00%,32,97.968
541,19616,Zoom.exe,running,11.07%,88,162.578
541,15200,Zoom.exe,running,0.00%,32,97.968
542,19616,Zoom.exe,running,12.50%,88,162.578
542,15200,Zoom.exe,running,0.00%,32,97.968
543,19616,Zoom.exe,running,13.85%,88,162.578
543,15200,Zoom.exe,running,0.00%,32,97.968
544,19616,Zoom.exe,running,6.25%,88,162.578
544,15200,Zoom.exe,running,0.00%,32,97.968
545,19616,Zoom.exe,running,11.07%,88,162.578
545,15200,Zoom.exe,running,0.00%,32,97.968
546,19616,Zoom.exe,running,9.38%,88,162.578
546,15200,Zoom.exe,running,0.00%,32,97.968
547,19616,Zoom.exe,running,9.38%,88,162.578
547,15200,Zoom.exe,running,0.00%,32,97.968
548,19616,Zoom.exe,running,12.50%,88,162.578
548,15200,Zoom.exe,running,0.00%,32,97.968
549,19616,Zoom.exe,running,9.38%,88,162.578
549,15200,Zoom.exe,running,0.00%,32,97.968
550,19616,Zoom.exe,running,11.07%,88,162.578
550,15200,Zoom.exe,running,0.00%,32,97.968
551,19616,Zoom.exe,running,12.50%,88,162.578
551,15200,Zoom.exe,running,0.00%,32,97.968
552,19616,Zoom.exe,running,9.38%,88,162.578
552,15200,Zoom.exe,running,0.00%,32,97.968
553,19616,Zoom.exe,running,7.17%,88,162.578
553,15200,Zoom.exe,running,0.00%,32,97.968
554,19616,Zoom.exe,running,5.55%,88,162.578
554,15200,Zoom.exe,running,0.00%,32,97.968
555,19616,Zoom.exe,running,6.25%,88,162.583
555,15200,Zoom.exe,running,0.00%,32,97.968
556,19616,Zoom.exe,running,11.07%,88,162.583
556,15200,Zoom.exe,running,0.00%,32,97.968
557,19616,Zoom.exe,running,9.38%,88,162.583
557,15200,Zoom.exe,running,0.00%,32,97.968
558,19616,Zoom.exe,running,6.25%,88,162.583
558,15200,Zoom.exe,running,0.00%,32,97.968
559,19616,Zoom.exe,running,2.77%,88,162.583
559,15200,Zoom.exe,running,0.00%,32,97.968
560,19616,Zoom.exe,running,11.07%,88,162.583
560,15200,Zoom.exe,running,0.00%,32,97.968
561,19616,Zoom.exe,running,3.12%,87,162.566
561,15200,Zoom.exe,running,0.00%,32,97.968
562,19616,Zoom.exe,running,3.12%,87,162.566
562,15200,Zoom.exe,running,0.00%,32,97.968
563,19616,Zoom.exe,running,9.38%,87,162.566
563,15200,Zoom.exe,running,0.00%,32,97.968
564,19616,Zoom.exe,running,6.25%,87,162.566
564,15200,Zoom.exe,running,0.00%,32,97.968
565,19616,Zoom.exe,running,16.75%,87,162.566
565,15200,Zoom.exe,running,0.00%,32,97.968
566,19616,Zoom.exe,running,7.10%,87,162.566
566,15200,Zoom.exe,running,0.00%,32,97.968
567,19616,Zoom.exe,running,3.12%,88,162.583
567,15200,Zoom.exe,running,0.00%,32,98.148
568,19616,Zoom.exe,running,3.12%,88,162.587
568,15200,Zoom.exe,running,0.00%,33,98.165
569,19616,Zoom.exe,running,6.25%,88,162.587
569,15200,Zoom.exe,running,0.00%,33,98.255
570,19616,Zoom.exe,running,0.00%,88,162.595
570,15200,Zoom.exe,running,0.00%,33,98.255
571,19616,Zoom.exe,running,4.97%,88,162.595
571,15200,Zoom.exe,running,0.00%,33,98.255
572,19616,Zoom.exe,running,6.25%,89,162.611
572,15200,Zoom.exe,running,0.00%,34,98.279
573,19616,Zoom.exe,running,18.75%,56,151.507
573,15200,Zoom.exe,running,4.55%,34,98.296
