x_value,PID,PNAME,STATUS,CPU,NUM THREADS,MEMORY(MB)0,16496,voovmeetingapp.exe,running,0.00%,13,19.567
0,14920,voovmeetingapp.exe,running,0.00%,94,145.338
0,13316,voovmeetingapp.exe,running,0.00%,18,20.234
0,4264,voovmeetingapp.exe,running,0.00%,18,20.181
1,16496,voovmeetingapp.exe,running,0.00%,13,19.567
1,14920,voovmeetingapp.exe,running,0.00%,94,145.367
1,13316,voovmeetingapp.exe,running,0.00%,18,20.234
1,4264,voovmeetingapp.exe,running,0.00%,18,20.181
2,16496,voovmeetingapp.exe,running,0.00%,13,19.567
2,14920,voovmeetingapp.exe,running,0.00%,94,145.367
2,13316,voovmeetingapp.exe,running,0.00%,18,20.234
2,4264,voovmeetingapp.exe,running,0.00%,18,20.181
3,14920,voovmeetingapp.exe,running,12.50%,94,145.375
3,16496,voovmeetingapp.exe,running,0.00%,13,19.567
3,13316,voovmeetingapp.exe,running,0.00%,18,20.255
3,4264,voovmeetingapp.exe,running,0.00%,18,20.201
4,14920,voovmeetingapp.exe,running,15.62%,94,145.400
4,16496,voovmeetingapp.exe,running,0.00%,13,19.567
4,13316,voovmeetingapp.exe,running,0.00%,18,20.255
4,4264,voovmeetingapp.exe,running,0.00%,18,20.201
5,16496,voovmeetingapp.exe,running,0.00%,13,19.567
5,14920,voovmeetingapp.exe,running,0.00%,94,145.400
5,13316,voovmeetingapp.exe,running,0.00%,18,20.255
5,4264,voovmeetingapp.exe,running,0.00%,18,20.201
6,16496,voovmeetingapp.exe,running,0.00%,12,19.538
6,14920,voovmeetingapp.exe,running,0.00%,94,145.400
6,13316,voovmeetingapp.exe,running,0.00%,18,20.255
6,4264,voovmeetingapp.exe,running,0.00%,18,20.201
7,16496,voovmeetingapp.exe,running,0.00%,12,19.538
7,14920,voovmeetingapp.exe,running,0.00%,93,145.367
7,13316,voovmeetingapp.exe,running,0.00%,18,20.255
7,4264,voovmeetingapp.exe,running,0.00%,18,20.201
8,16496,voovmeetingapp.exe,running,0.00%,12,19.538
8,14920,voovmeetingapp.exe,running,0.00%,93,145.375
8,13316,voovmeetingapp.exe,running,0.00%,18,20.255
8,4264,voovmeetingapp.exe,running,0.00%,18,20.201
9,16496,voovmeetingapp.exe,running,0.00%,12,19.538
9,14920,voovmeetingapp.exe,running,0.00%,93,145.420
9,13316,voovmeetingapp.exe,running,0.00%,18,20.255
9,4264,voovmeetingapp.exe,running,0.00%,18,20.201
10,16496,voovmeetingapp.exe,running,0.00%,12,19.538
10,14920,voovmeetingapp.exe,running,0.00%,93,145.437
10,13316,voovmeetingapp.exe,running,0.00%,17,20.226
10,4264,voovmeetingapp.exe,running,0.00%,17,20.177
11,16496,voovmeetingapp.exe,running,0.00%,12,19.538
11,14920,voovmeetingapp.exe,running,0.00%,93,145.478
11,13316,voovmeetingapp.exe,running,0.00%,17,20.226
11,4264,voovmeetingapp.exe,running,0.00%,17,20.177
12,14920,voovmeetingapp.exe,running,2.77%,93,145.519
12,16496,voovmeetingapp.exe,running,0.00%,12,19.538
12,13316,voovmeetingapp.exe,running,0.00%,17,20.226
12,4264,voovmeetingapp.exe,running,0.00%,17,20.177
13,16496,voovmeetingapp.exe,running,0.00%,12,19.538
13,14920,voovmeetingapp.exe,running,0.00%,93,145.637
13,13316,voovmeetingapp.exe,running,0.00%,17,20.226
13,4264,voovmeetingapp.exe,running,0.00%,17,20.177
14,14920,voovmeetingapp.exe,running,2.77%,92,145.629
14,16496,voovmeetingapp.exe,running,0.00%,12,19.538
14,13316,voovmeetingapp.exe,running,0.00%,17,20.226
14,4264,voovmeetingapp.exe,running,0.00%,17,20.177
15,16496,voovmeetingapp.exe,running,0.00%,12,19.538
15,14920,voovmeetingapp.exe,running,0.00%,90,146.731
15,13316,voovmeetingapp.exe,running,0.00%,17,20.226
15,4264,voovmeetingapp.exe,running,0.00%,17,20.177
16,16496,voovmeetingapp.exe,running,0.00%,12,19.538
16,14920,voovmeetingapp.exe,running,0.00%,90,145.740
16,13316,voovmeetingapp.exe,running,0.00%,17,20.226
16,4264,voovmeetingapp.exe,running,0.00%,17,20.177
17,16496,voovmeetingapp.exe,running,0.00%,12,19.538
17,14920,voovmeetingapp.exe,running,0.00%,90,145.793
17,13316,voovmeetingapp.exe,running,0.00%,17,20.226
17,4264,voovmeetingapp.exe,running,0.00%,17,20.177
18,16496,voovmeetingapp.exe,running,0.00%,12,19.538
18,14920,voovmeetingapp.exe,running,0.00%,90,145.838
18,13316,voovmeetingapp.exe,running,0.00%,17,20.226
18,4264,voovmeetingapp.exe,running,0.00%,17,20.177
19,16496,voovmeetingapp.exe,running,0.00%,12,19.538
19,14920,voovmeetingapp.exe,running,0.00%,90,145.850
19,13316,voovmeetingapp.exe,running,0.00%,17,20.226
19,4264,voovmeetingapp.exe,running,0.00%,17,20.177
20,14920,voovmeetingapp.exe,running,3.12%,90,146.227
20,16496,voovmeetingapp.exe,running,0.00%,12,19.538
20,13316,voovmeetingapp.exe,running,0.00%,17,20.226
20,4264,voovmeetingapp.exe,running,0.00%,17,20.177
21,16496,voovmeetingapp.exe,running,0.00%,12,19.538
21,14920,voovmeetingapp.exe,running,0.00%,91,146.268
21,13316,voovmeetingapp.exe,running,0.00%,17,20.226
21,4264,voovmeetingapp.exe,running,0.00%,17,20.177
22,16496,voovmeetingapp.exe,running,0.00%,12,19.538
22,14920,voovmeetingapp.exe,running,0.00%,91,146.268
22,13316,voovmeetingapp.exe,running,0.00%,17,20.226
22,4264,voovmeetingapp.exe,running,0.00%,17,20.177
23,16496,voovmeetingapp.exe,running,0.00%,12,19.538
23,14920,voovmeetingapp.exe,running,0.00%,91,146.268
23,13316,voovmeetingapp.exe,running,0.00%,17,20.226
23,4264,voovmeetingapp.exe,running,0.00%,17,20.177
24,16496,voovmeetingapp.exe,running,0.00%,12,19.538
24,14920,voovmeetingapp.exe,running,0.00%,88,146.153
24,13316,voovmeetingapp.exe,running,0.00%,17,20.226
24,4264,voovmeetingapp.exe,running,0.00%,17,20.177
25,16496,voovmeetingapp.exe,running,0.00%,12,19.538
25,14920,voovmeetingapp.exe,running,0.00%,88,146.158
25,13316,voovmeetingapp.exe,running,0.00%,17,20.226
25,4264,voovmeetingapp.exe,running,0.00%,17,20.177
26,14920,voovmeetingapp.exe,running,3.12%,88,146.158
26,16496,voovmeetingapp.exe,running,0.00%,12,19.538
26,13316,voovmeetingapp.exe,running,0.00%,17,20.226
26,4264,voovmeetingapp.exe,running,0.00%,17,20.177
27,16496,voovmeetingapp.exe,running,0.00%,12,19.538
27,14920,voovmeetingapp.exe,running,0.00%,88,146.158
27,13316,voovmeetingapp.exe,running,0.00%,14,20.132
27,4264,voovmeetingapp.exe,running,0.00%,14,20.095
28,16496,voovmeetingapp.exe,running,0.00%,12,19.538
28,14920,voovmeetingapp.exe,running,0.00%,88,146.158
28,13316,voovmeetingapp.exe,running,0.00%,14,20.132
28,4264,voovmeetingapp.exe,running,0.00%,14,20.095
29,16496,voovmeetingapp.exe,running,0.00%,12,19.538
29,14920,voovmeetingapp.exe,running,0.00%,88,146.162
29,13316,voovmeetingapp.exe,running,0.00%,14,20.132
29,4264,voovmeetingapp.exe,running,0.00%,14,20.095
30,14920,voovmeetingapp.exe,running,3.12%,88,146.162
30,16496,voovmeetingapp.exe,running,0.00%,12,19.538
30,13316,voovmeetingapp.exe,running,0.00%,14,20.132
30,4264,voovmeetingapp.exe,running,0.00%,14,20.095
31,14920,voovmeetingapp.exe,running,1.93%,88,147.177
31,16496,voovmeetingapp.exe,running,0.00%,12,19.538
31,13316,voovmeetingapp.exe,running,0.00%,14,20.132
31,4264,voovmeetingapp.exe,running,0.00%,14,20.095
32,16496,voovmeetingapp.exe,running,0.00%,12,19.538
32,14920,voovmeetingapp.exe,running,0.00%,88,147.177
32,13316,voovmeetingapp.exe,running,0.00%,14,20.132
32,4264,voovmeetingapp.exe,running,0.00%,14,20.095
33,16496,voovmeetingapp.exe,running,0.00%,12,19.890
33,14920,voovmeetingapp.exe,running,0.00%,89,147.251
33,13316,voovmeetingapp.exe,running,0.00%,14,20.132
33,4264,voovmeetingapp.exe,running,0.00%,14,20.095
34,14920,voovmeetingapp.exe,running,5.55%,89,147.321
34,16496,voovmeetingapp.exe,running,0.00%,12,19.890
34,13316,voovmeetingapp.exe,running,0.00%,14,20.132
34,4264,voovmeetingapp.exe,running,0.00%,14,20.095
35,16496,voovmeetingapp.exe,running,0.00%,12,19.890
35,14920,voovmeetingapp.exe,running,0.00%,88,147.341
35,13316,voovmeetingapp.exe,running,0.00%,14,20.132
35,4264,voovmeetingapp.exe,running,0.00%,14,20.095
36,14920,voovmeetingapp.exe,running,3.12%,88,147.341
36,16496,voovmeetingapp.exe,running,0.00%,12,19.890
36,13316,voovmeetingapp.exe,running,0.00%,14,20.132
36,4264,voovmeetingapp.exe,running,0.00%,14,20.095
37,16496,voovmeetingapp.exe,running,0.00%,12,19.890
37,14920,voovmeetingapp.exe,running,0.00%,88,147.407
37,13316,voovmeetingapp.exe,running,0.00%,14,20.132
37,4264,voovmeetingapp.exe,running,0.00%,14,20.095
38,16496,voovmeetingapp.exe,running,0.00%,12,19.890
38,14920,voovmeetingapp.exe,running,0.00%,88,147.440
38,13316,voovmeetingapp.exe,running,0.00%,14,20.132
38,4264,voovmeetingapp.exe,running,0.00%,14,20.095
39,16496,voovmeetingapp.exe,running,0.00%,12,19.890
39,14920,voovmeetingapp.exe,running,0.00%,88,147.440
39,13316,voovmeetingapp.exe,running,0.00%,14,20.132
39,4264,voovmeetingapp.exe,running,0.00%,14,20.095
40,16496,voovmeetingapp.exe,running,0.00%,12,19.890
40,14920,voovmeetingapp.exe,running,0.00%,88,147.456
40,13316,voovmeetingapp.exe,running,0.00%,14,20.132
40,4264,voovmeetingapp.exe,running,0.00%,14,20.095
41,16496,voovmeetingapp.exe,running,0.00%,12,19.890
41,14920,voovmeetingapp.exe,running,0.00%,87,147.513
41,13316,voovmeetingapp.exe,running,0.00%,14,20.132
41,4264,voovmeetingapp.exe,running,0.00%,14,20.095
42,14920,voovmeetingapp.exe,running,2.80%,87,147.562
42,16496,voovmeetingapp.exe,running,0.00%,12,19.890
42,13316,voovmeetingapp.exe,running,0.00%,14,20.132
42,4264,voovmeetingapp.exe,running,0.00%,14,20.095
43,16496,voovmeetingapp.exe,running,0.00%,12,19.890
43,14920,voovmeetingapp.exe,running,0.00%,87,147.567
43,13316,voovmeetingapp.exe,running,0.00%,14,20.132
43,4264,voovmeetingapp.exe,running,0.00%,14,20.095
44,16496,voovmeetingapp.exe,running,0.00%,12,19.890
44,14920,voovmeetingapp.exe,running,0.00%,87,147.632
44,13316,voovmeetingapp.exe,running,0.00%,14,20.132
44,4264,voovmeetingapp.exe,running,0.00%,14,20.095
45,16496,voovmeetingapp.exe,running,0.00%,12,19.890
45,14920,voovmeetingapp.exe,running,0.00%,87,147.681
45,13316,voovmeetingapp.exe,running,0.00%,14,20.132
45,4264,voovmeetingapp.exe,running,0.00%,14,20.095
46,16496,voovmeetingapp.exe,running,0.00%,12,19.890
46,14920,voovmeetingapp.exe,running,0.00%,87,147.681
46,13316,voovmeetingapp.exe,running,0.00%,14,20.132
46,4264,voovmeetingapp.exe,running,0.00%,14,20.095
47,14920,voovmeetingapp.exe,running,2.77%,87,147.698
47,16496,voovmeetingapp.exe,running,0.00%,12,19.890
47,13316,voovmeetingapp.exe,running,0.00%,14,20.132
47,4264,voovmeetingapp.exe,running,0.00%,14,20.095
48,16496,voovmeetingapp.exe,running,0.00%,12,19.890
48,14920,voovmeetingapp.exe,running,0.00%,87,146.698
48,13316,voovmeetingapp.exe,running,0.00%,14,20.132
48,4264,voovmeetingapp.exe,running,0.00%,14,20.095
49,16496,voovmeetingapp.exe,running,0.00%,12,19.890
49,14920,voovmeetingapp.exe,running,0.00%,87,146.747
49,13316,voovmeetingapp.exe,running,0.00%,14,20.132
49,4264,voovmeetingapp.exe,running,0.00%,14,20.095
50,16496,voovmeetingapp.exe,running,0.00%,12,19.890
50,14920,voovmeetingapp.exe,running,0.00%,87,146.784
50,13316,voovmeetingapp.exe,running,0.00%,14,20.132
50,4264,voovmeetingapp.exe,running,0.00%,14,20.095
51,16496,voovmeetingapp.exe,running,0.00%,12,19.890
51,14920,voovmeetingapp.exe,running,0.00%,87,146.821
51,13316,voovmeetingapp.exe,running,0.00%,14,20.132
51,4264,voovmeetingapp.exe,running,0.00%,14,20.095
52,14920,voovmeetingapp.exe,running,2.50%,87,146.821
52,16496,voovmeetingapp.exe,running,0.00%,12,19.890
52,13316,voovmeetingapp.exe,running,0.00%,14,20.132
52,4264,voovmeetingapp.exe,running,0.00%,14,20.095
53,16496,voovmeetingapp.exe,running,0.00%,12,19.890
53,14920,voovmeetingapp.exe,running,0.00%,87,146.874
53,13316,voovmeetingapp.exe,running,0.00%,14,20.132
53,4264,voovmeetingapp.exe,running,0.00%,14,20.095
54,16496,voovmeetingapp.exe,running,0.00%,12,19.890
54,14920,voovmeetingapp.exe,running,0.00%,87,146.940
54,13316,voovmeetingapp.exe,running,0.00%,14,20.132
54,4264,voovmeetingapp.exe,running,0.00%,14,20.095
55,16496,voovmeetingapp.exe,running,0.00%,12,19.890
55,14920,voovmeetingapp.exe,running,0.00%,87,146.973
55,13316,voovmeetingapp.exe,running,0.00%,14,20.132
55,4264,voovmeetingapp.exe,running,0.00%,14,20.095
56,16496,voovmeetingapp.exe,running,0.00%,12,19.890
56,14920,voovmeetingapp.exe,running,0.00%,87,146.977
56,13316,voovmeetingapp.exe,running,0.00%,14,20.132
56,4264,voovmeetingapp.exe,running,0.00%,14,20.095
57,16496,voovmeetingapp.exe,running,0.00%,12,19.890
57,14920,voovmeetingapp.exe,running,0.00%,87,147.042
57,13316,voovmeetingapp.exe,running,0.00%,14,20.132
57,4264,voovmeetingapp.exe,running,0.00%,14,20.095
58,16496,voovmeetingapp.exe,running,0.00%,12,19.890
58,14920,voovmeetingapp.exe,running,0.00%,87,147.046
58,13316,voovmeetingapp.exe,running,0.00%,14,20.132
58,4264,voovmeetingapp.exe,running,0.00%,14,20.095
59,14920,voovmeetingapp.exe,running,9.38%,87,147.079
59,16496,voovmeetingapp.exe,running,0.00%,12,19.890
59,13316,voovmeetingapp.exe,running,0.00%,14,20.132
59,4264,voovmeetingapp.exe,running,0.00%,14,20.095
60,16496,voovmeetingapp.exe,running,0.00%,12,19.890
60,14920,voovmeetingapp.exe,running,0.00%,87,147.145
60,13316,voovmeetingapp.exe,running,0.00%,14,20.132
60,4264,voovmeetingapp.exe,running,0.00%,14,20.095
61,16496,voovmeetingapp.exe,running,0.00%,12,19.890
61,14920,voovmeetingapp.exe,running,0.00%,87,147.145
61,13316,voovmeetingapp.exe,running,0.00%,14,20.132
61,4264,voovmeetingapp.exe,running,0.00%,14,20.095
62,14920,voovmeetingapp.exe,running,3.12%,87,147.177
62,16496,voovmeetingapp.exe,running,0.00%,12,19.890
62,13316,voovmeetingapp.exe,running,0.00%,14,20.132
62,4264,voovmeetingapp.exe,running,0.00%,14,20.095
63,16496,voovmeetingapp.exe,running,0.00%,12,19.890
63,14920,voovmeetingapp.exe,running,0.00%,87,147.243
63,13316,voovmeetingapp.exe,running,0.00%,14,20.132
63,4264,voovmeetingapp.exe,running,0.00%,14,20.095
64,14920,voovmeetingapp.exe,running,3.12%,87,147.259
64,16496,voovmeetingapp.exe,running,0.00%,12,19.890
64,13316,voovmeetingapp.exe,running,0.00%,14,20.132
64,4264,voovmeetingapp.exe,running,0.00%,14,20.095
65,16496,voovmeetingapp.exe,running,0.00%,12,19.890
65,14920,voovmeetingapp.exe,running,0.00%,87,147.325
65,13316,voovmeetingapp.exe,running,0.00%,14,20.132
65,4264,voovmeetingapp.exe,running,0.00%,14,20.095
66,16496,voovmeetingapp.exe,running,0.00%,12,19.890
66,14920,voovmeetingapp.exe,running,0.00%,87,147.358
66,13316,voovmeetingapp.exe,running,0.00%,13,20.103
66,4264,voovmeetingapp.exe,running,0.00%,13,20.066
67,16496,voovmeetingapp.exe,running,0.00%,12,19.890
67,14920,voovmeetingapp.exe,running,0.00%,87,147.382
67,13316,voovmeetingapp.exe,running,0.00%,13,20.103
67,4264,voovmeetingapp.exe,running,0.00%,13,20.066
68,16496,voovmeetingapp.exe,running,0.00%,12,19.890
68,14920,voovmeetingapp.exe,running,0.00%,87,147.419
68,13316,voovmeetingapp.exe,running,0.00%,13,20.103
68,4264,voovmeetingapp.exe,running,0.00%,13,20.066
69,16496,voovmeetingapp.exe,running,0.00%,12,19.890
69,14920,voovmeetingapp.exe,running,0.00%,86,147.395
69,13316,voovmeetingapp.exe,running,0.00%,13,20.103
69,4264,voovmeetingapp.exe,running,0.00%,13,20.066
70,16496,voovmeetingapp.exe,running,0.00%,12,19.890
70,14920,voovmeetingapp.exe,running,0.00%,85,147.399
70,13316,voovmeetingapp.exe,running,0.00%,13,20.103
70,4264,voovmeetingapp.exe,running,0.00%,13,20.066
71,16496,voovmeetingapp.exe,running,0.00%,12,19.890
71,14920,voovmeetingapp.exe,running,0.00%,85,147.448
71,13316,voovmeetingapp.exe,running,0.00%,13,20.103
71,4264,voovmeetingapp.exe,running,0.00%,13,20.066
72,16496,voovmeetingapp.exe,running,0.00%,12,19.890
72,14920,voovmeetingapp.exe,running,0.00%,85,147.530
72,13316,voovmeetingapp.exe,running,0.00%,13,20.103
72,4264,voovmeetingapp.exe,running,0.00%,13,20.066
73,16496,voovmeetingapp.exe,running,0.00%,12,19.890
73,14920,voovmeetingapp.exe,running,0.00%,86,148.611
73,13316,voovmeetingapp.exe,running,0.00%,12,20.079
73,4264,voovmeetingapp.exe,running,0.00%,12,20.038
74,14920,voovmeetingapp.exe,running,18.18%,86,162.451
74,16496,voovmeetingapp.exe,running,0.00%,12,19.890
74,13316,voovmeetingapp.exe,running,0.00%,12,20.079
74,4264,voovmeetingapp.exe,running,0.00%,12,20.038
75,14920,voovmeetingapp.exe,running,16.62%,95,192.672
75,16496,voovmeetingapp.exe,running,0.00%,12,19.890
76,16496,voovmeetingapp.exe,running,0.00%,12,19.890
76,14920,voovmeetingapp.exe,running,0.00%,95,192.963
77,16496,voovmeetingapp.exe,running,0.00%,12,19.890
77,14920,voovmeetingapp.exe,running,0.00%,95,188.670
78,14920,voovmeetingapp.exe,running,3.12%,95,188.883
78,16496,voovmeetingapp.exe,running,0.00%,12,19.890
79,14920,voovmeetingapp.exe,running,30.32%,95,191.304
79,16496,voovmeetingapp.exe,running,0.00%,12,19.890
80,16496,voovmeetingapp.exe,running,0.00%,12,19.890
80,14920,voovmeetingapp.exe,running,0.00%,99,190.214
81,14920,voovmeetingapp.exe,running,6.25%,99,190.247
81,16496,voovmeetingapp.exe,running,0.00%,12,19.894
82,14920,voovmeetingapp.exe,running,13.85%,100,199.504
82,16496,voovmeetingapp.exe,running,0.00%,12,19.894
83,14920,voovmeetingapp.exe,running,53.75%,107,224.874
83,16496,voovmeetingapp.exe,running,0.00%,12,19.894
84,14920,voovmeetingapp.exe,running,27.55%,118,283.464
84,16496,voovmeetingapp.exe,running,0.00%,12,19.894
85,14920,voovmeetingapp.exe,running,7.47%,113,275.628
85,16496,voovmeetingapp.exe,running,0.00%,12,19.894
86,14920,voovmeetingapp.exe,running,10.03%,114,277.983
86,16496,voovmeetingapp.exe,running,0.00%,12,19.894
87,14920,voovmeetingapp.exe,running,25.10%,114,278.020
87,16496,voovmeetingapp.exe,running,0.00%,12,19.894
88,14920,voovmeetingapp.exe,running,31.80%,114,252.531
88,16496,voovmeetingapp.exe,running,0.00%,12,19.894
89,14920,voovmeetingapp.exe,running,24.98%,115,252.559
89,16496,voovmeetingapp.exe,running,0.00%,12,19.894
90,14920,voovmeetingapp.exe,running,42.58%,115,252.568
90,16496,voovmeetingapp.exe,running,0.00%,12,19.894
91,14920,voovmeetingapp.exe,running,34.08%,114,252.531
91,16496,voovmeetingapp.exe,running,0.00%,12,19.894
92,14920,voovmeetingapp.exe,running,10.03%,114,252.535
92,16496,voovmeetingapp.exe,running,0.00%,12,19.898
93,14920,voovmeetingapp.exe,running,9.07%,115,252.563
93,16496,voovmeetingapp.exe,running,0.00%,12,19.898
94,14920,voovmeetingapp.exe,running,30.48%,115,252.568
94,16496,voovmeetingapp.exe,running,0.00%,12,19.898
95,14920,voovmeetingapp.exe,running,22.52%,115,252.568
95,16496,voovmeetingapp.exe,running,0.00%,12,19.898
96,14920,voovmeetingapp.exe,running,30.70%,111,252.420
96,16496,voovmeetingapp.exe,running,0.00%,12,19.898
97,14920,voovmeetingapp.exe,running,34.08%,111,252.568
97,16496,voovmeetingapp.exe,running,0.00%,12,19.898
98,14920,voovmeetingapp.exe,running,19.90%,111,252.658
98,16496,voovmeetingapp.exe,running,0.00%,12,19.898
99,14920,voovmeetingapp.exe,running,15.62%,111,252.682
99,16496,voovmeetingapp.exe,running,0.00%,12,19.898
100,14920,voovmeetingapp.exe,running,5.00%,111,252.539
100,16496,voovmeetingapp.exe,running,0.00%,12,19.898
101,14920,voovmeetingapp.exe,running,20.45%,111,252.551
101,16496,voovmeetingapp.exe,running,2.27%,12,19.898
102,14920,voovmeetingapp.exe,running,27.25%,111,252.191
102,16496,voovmeetingapp.exe,running,0.00%,12,19.898
103,14920,voovmeetingapp.exe,running,19.90%,110,252.645
103,16496,voovmeetingapp.exe,running,0.00%,12,19.898
104,14920,voovmeetingapp.exe,running,30.05%,110,253.190
104,16496,voovmeetingapp.exe,running,0.00%,12,19.898
105,14920,voovmeetingapp.exe,running,12.53%,110,253.190
105,16496,voovmeetingapp.exe,running,0.00%,12,19.898
106,14920,voovmeetingapp.exe,running,24.88%,110,253.256
106,16496,voovmeetingapp.exe,running,0.00%,12,19.898
107,14920,voovmeetingapp.exe,running,45.08%,110,253.256
107,16496,voovmeetingapp.exe,running,0.00%,12,19.898
108,14920,voovmeetingapp.exe,running,22.70%,107,253.239
108,16496,voovmeetingapp.exe,running,0.00%,12,19.898
109,14920,voovmeetingapp.exe,running,29.52%,107,253.551
109,16496,voovmeetingapp.exe,running,0.00%,12,19.898
110,14920,voovmeetingapp.exe,running,7.50%,107,253.657
110,16496,voovmeetingapp.exe,running,0.00%,12,19.898
111,14920,voovmeetingapp.exe,running,2.80%,107,253.907
111,16496,voovmeetingapp.exe,running,0.00%,12,19.898
112,14920,voovmeetingapp.exe,running,24.88%,107,253.899
112,16496,voovmeetingapp.exe,running,0.00%,12,19.898
113,14920,voovmeetingapp.exe,running,14.55%,107,254.497
113,16496,voovmeetingapp.exe,running,0.00%,12,19.898
114,14920,voovmeetingapp.exe,running,24.90%,108,254.882
114,16496,voovmeetingapp.exe,running,0.00%,12,19.898
115,14920,voovmeetingapp.exe,running,16.75%,108,255.324
115,16496,voovmeetingapp.exe,running,0.00%,12,19.898
116,14920,voovmeetingapp.exe,running,11.15%,108,254.894
116,16496,voovmeetingapp.exe,running,0.00%,12,19.898
117,14920,voovmeetingapp.exe,running,19.90%,108,254.906
117,16496,voovmeetingapp.exe,running,0.00%,12,19.898
118,14920,voovmeetingapp.exe,running,9.95%,108,254.706
118,16496,voovmeetingapp.exe,running,0.00%,12,19.898
119,14920,voovmeetingapp.exe,running,15.03%,108,254.706
119,16496,voovmeetingapp.exe,running,0.00%,12,19.898
120,14920,voovmeetingapp.exe,running,17.52%,108,254.706
120,16496,voovmeetingapp.exe,running,0.00%,12,19.898
121,14920,voovmeetingapp.exe,running,19.62%,108,255.414
121,16496,voovmeetingapp.exe,running,0.00%,12,19.898
122,14920,voovmeetingapp.exe,running,2.77%,108,255.406
122,16496,voovmeetingapp.exe,running,0.00%,12,19.898
123,14920,voovmeetingapp.exe,running,15.03%,108,255.640
123,16496,voovmeetingapp.exe,running,0.00%,12,19.898
124,14920,voovmeetingapp.exe,running,17.52%,108,255.582
124,16496,voovmeetingapp.exe,running,0.00%,12,19.898
125,14920,voovmeetingapp.exe,running,10.03%,108,255.533
125,16496,voovmeetingapp.exe,running,0.00%,12,19.898
126,14920,voovmeetingapp.exe,running,8.30%,108,255.140
126,16496,voovmeetingapp.exe,running,0.00%,12,19.898
127,14920,voovmeetingapp.exe,running,19.52%,108,255.136
127,16496,voovmeetingapp.exe,running,0.00%,12,19.898
128,14920,voovmeetingapp.exe,running,15.03%,108,254.710
128,16496,voovmeetingapp.exe,running,0.00%,12,19.898
129,14920,voovmeetingapp.exe,running,22.32%,107,254.710
129,16496,voovmeetingapp.exe,running,0.00%,14,19.972
130,14920,voovmeetingapp.exe,running,18.18%,107,254.747
130,16496,voovmeetingapp.exe,running,0.00%,14,19.976
131,14920,voovmeetingapp.exe,running,32.55%,108,254.472
131,16496,voovmeetingapp.exe,running,0.00%,14,19.976
132,14920,voovmeetingapp.exe,running,17.52%,108,254.775
132,16496,voovmeetingapp.exe,running,0.00%,14,19.976
133,14920,voovmeetingapp.exe,running,11.35%,108,254.775
133,16496,voovmeetingapp.exe,running,0.00%,14,19.976
134,14920,voovmeetingapp.exe,running,5.55%,108,254.472
134,16496,voovmeetingapp.exe,running,0.00%,14,19.976
135,14920,voovmeetingapp.exe,running,9.95%,108,254.775
135,16496,voovmeetingapp.exe,running,0.00%,14,19.976
136,14920,voovmeetingapp.exe,running,11.35%,108,255.279
136,16496,voovmeetingapp.exe,running,0.00%,14,19.976
137,14920,voovmeetingapp.exe,running,7.72%,107,255.447
137,16496,voovmeetingapp.exe,running,0.00%,14,19.976
138,14920,voovmeetingapp.exe,running,20.90%,106,255.308
138,16496,voovmeetingapp.exe,running,0.00%,14,19.976
139,14920,voovmeetingapp.exe,running,20.45%,105,254.411
139,16496,voovmeetingapp.exe,running,0.00%,14,19.976
140,14920,voovmeetingapp.exe,running,16.05%,105,255.222
140,16496,voovmeetingapp.exe,running,0.00%,14,19.976
141,14920,voovmeetingapp.exe,running,13.62%,106,254.448
141,16496,voovmeetingapp.exe,running,0.00%,14,19.976
142,14920,voovmeetingapp.exe,running,22.85%,106,254.956
142,16496,voovmeetingapp.exe,running,0.00%,14,19.976
143,14920,voovmeetingapp.exe,running,5.00%,105,254.923
143,16496,voovmeetingapp.exe,running,0.00%,14,19.976
144,14920,voovmeetingapp.exe,running,30.05%,105,254.427
144,16496,voovmeetingapp.exe,running,0.00%,14,19.976
145,14920,voovmeetingapp.exe,running,10.45%,105,254.923
145,16496,voovmeetingapp.exe,running,0.00%,14,19.976
146,14920,voovmeetingapp.exe,running,25.05%,106,254.947
146,16496,voovmeetingapp.exe,running,0.00%,14,19.976
147,14920,voovmeetingapp.exe,running,20.45%,107,254.476
147,16496,voovmeetingapp.exe,running,0.00%,14,19.976
148,14920,voovmeetingapp.exe,running,12.53%,107,254.972
148,16496,voovmeetingapp.exe,running,0.00%,14,19.976
149,14920,voovmeetingapp.exe,running,12.53%,107,254.972
149,16496,voovmeetingapp.exe,running,0.00%,14,19.976
150,14920,voovmeetingapp.exe,running,24.98%,107,254.476
150,16496,voovmeetingapp.exe,running,0.00%,14,19.976
151,14920,voovmeetingapp.exe,running,5.00%,106,255.070
151,16496,voovmeetingapp.exe,running,0.00%,14,19.976
152,14920,voovmeetingapp.exe,running,17.43%,106,254.509
152,16496,voovmeetingapp.exe,running,0.00%,14,19.976
153,14920,voovmeetingapp.exe,running,17.43%,106,254.624
153,16496,voovmeetingapp.exe,running,0.00%,14,19.976
154,14920,voovmeetingapp.exe,running,18.18%,106,255.128
154,16496,voovmeetingapp.exe,running,0.00%,14,19.976
155,14920,voovmeetingapp.exe,running,17.52%,106,255.144
155,16496,voovmeetingapp.exe,running,0.00%,14,19.976
156,14920,voovmeetingapp.exe,running,11.55%,106,255.169
156,16496,voovmeetingapp.exe,running,0.00%,14,19.976
157,14920,voovmeetingapp.exe,running,20.45%,106,255.169
157,16496,voovmeetingapp.exe,running,0.00%,14,19.976
158,14920,voovmeetingapp.exe,running,16.70%,107,254.702
158,16496,voovmeetingapp.exe,running,0.00%,14,19.976
159,14920,voovmeetingapp.exe,running,12.53%,106,255.169
159,16496,voovmeetingapp.exe,running,0.00%,14,19.976
160,14920,voovmeetingapp.exe,running,27.00%,107,254.689
160,16496,voovmeetingapp.exe,running,0.00%,14,19.976
161,14920,voovmeetingapp.exe,running,25.02%,107,255.324
161,16496,voovmeetingapp.exe,running,0.00%,13,19.948
162,14920,voovmeetingapp.exe,running,20.02%,107,255.324
162,16496,voovmeetingapp.exe,running,0.00%,13,19.948
163,14920,voovmeetingapp.exe,running,20.90%,107,254.820
163,16496,voovmeetingapp.exe,running,0.00%,13,19.948
164,14920,voovmeetingapp.exe,running,18.18%,107,255.484
164,16496,voovmeetingapp.exe,running,0.00%,13,19.948
165,14920,voovmeetingapp.exe,running,15.03%,107,255.549
165,16496,voovmeetingapp.exe,running,0.00%,13,19.948
166,14920,voovmeetingapp.exe,running,22.98%,107,255.181
166,16496,voovmeetingapp.exe,running,0.00%,13,19.948
167,14920,voovmeetingapp.exe,running,31.80%,107,255.209
167,16496,voovmeetingapp.exe,running,0.00%,13,19.948
168,14920,voovmeetingapp.exe,running,18.18%,107,255.812
168,16496,voovmeetingapp.exe,running,0.00%,13,19.948
169,14920,voovmeetingapp.exe,running,11.43%,107,255.246
169,16496,voovmeetingapp.exe,running,0.00%,13,19.948
170,14920,voovmeetingapp.exe,running,31.80%,107,255.246
170,16496,voovmeetingapp.exe,running,0.00%,13,19.948
171,14920,voovmeetingapp.exe,running,30.70%,107,255.279
171,16496,voovmeetingapp.exe,running,0.00%,13,19.948
172,14920,voovmeetingapp.exe,running,24.93%,107,255.844
172,16496,voovmeetingapp.exe,running,0.00%,13,19.948
173,14920,voovmeetingapp.exe,running,13.62%,106,255.881
173,16496,voovmeetingapp.exe,running,0.00%,13,19.948
174,14920,voovmeetingapp.exe,running,22.40%,106,255.513
174,16496,voovmeetingapp.exe,running,0.00%,13,19.948
175,14920,voovmeetingapp.exe,running,17.82%,106,256.209
175,16496,voovmeetingapp.exe,running,0.00%,13,19.948
176,14920,voovmeetingapp.exe,running,15.40%,106,256.242
176,16496,voovmeetingapp.exe,running,0.00%,13,19.948
177,14920,voovmeetingapp.exe,running,22.52%,106,255.771
177,16496,voovmeetingapp.exe,running,0.00%,13,19.948
178,14920,voovmeetingapp.exe,running,16.00%,106,256.324
178,16496,voovmeetingapp.exe,running,0.00%,13,19.948
179,14920,voovmeetingapp.exe,running,24.88%,106,256.258
179,16496,voovmeetingapp.exe,running,0.00%,13,19.948
180,14920,voovmeetingapp.exe,running,28.88%,106,256.492
180,16496,voovmeetingapp.exe,running,0.00%,13,19.948
181,14920,voovmeetingapp.exe,running,9.07%,106,256.606
181,16496,voovmeetingapp.exe,running,0.00%,13,19.948
182,14920,voovmeetingapp.exe,running,12.45%,106,256.238
182,16496,voovmeetingapp.exe,running,0.00%,13,19.948
183,14920,voovmeetingapp.exe,running,21.88%,106,256.737
183,16496,voovmeetingapp.exe,running,0.00%,13,19.948
184,14920,voovmeetingapp.exe,running,13.85%,106,256.803
184,16496,voovmeetingapp.exe,running,0.00%,13,19.948
185,14920,voovmeetingapp.exe,running,22.52%,106,256.303
185,16496,voovmeetingapp.exe,running,0.00%,13,19.948
186,14920,voovmeetingapp.exe,running,20.02%,106,256.954
186,16496,voovmeetingapp.exe,running,0.00%,13,19.948
187,14920,voovmeetingapp.exe,running,13.85%,106,256.954
187,16496,voovmeetingapp.exe,running,0.00%,13,19.948
188,14920,voovmeetingapp.exe,running,25.10%,106,256.455
188,16496,voovmeetingapp.exe,running,0.00%,13,19.948
189,14920,voovmeetingapp.exe,running,21.98%,106,257.892
189,16496,voovmeetingapp.exe,running,0.00%,13,19.948
190,14920,voovmeetingapp.exe,running,18.80%,106,257.389
190,16496,voovmeetingapp.exe,running,0.00%,13,19.948
191,14920,voovmeetingapp.exe,running,11.35%,106,257.843
191,16496,voovmeetingapp.exe,running,0.00%,12,19.919
192,14920,voovmeetingapp.exe,running,30.70%,106,257.892
192,16496,voovmeetingapp.exe,running,0.00%,12,19.919
193,14920,voovmeetingapp.exe,running,27.90%,107,258.626
193,16496,voovmeetingapp.exe,running,0.00%,12,19.919
194,14920,voovmeetingapp.exe,running,15.03%,107,258.122
194,16496,voovmeetingapp.exe,running,0.00%,12,19.919
195,14920,voovmeetingapp.exe,running,15.03%,107,258.564
195,16496,voovmeetingapp.exe,running,0.00%,12,19.919
196,14920,voovmeetingapp.exe,running,20.45%,106,258.429
196,16496,voovmeetingapp.exe,running,0.00%,12,19.919
197,14920,voovmeetingapp.exe,running,18.18%,106,258.531
197,16496,voovmeetingapp.exe,running,0.00%,12,19.919
198,14920,voovmeetingapp.exe,running,27.25%,105,257.999
198,16496,voovmeetingapp.exe,running,0.00%,12,19.923
199,14920,voovmeetingapp.exe,running,22.18%,106,258.294
199,16496,voovmeetingapp.exe,running,0.00%,12,19.923
200,14920,voovmeetingapp.exe,running,20.02%,106,259.080
200,16496,voovmeetingapp.exe,running,0.00%,12,19.923
201,14920,voovmeetingapp.exe,running,35.05%,106,259.076
201,16496,voovmeetingapp.exe,running,0.00%,12,19.923
202,14920,voovmeetingapp.exe,running,33.25%,106,258.511
202,16496,voovmeetingapp.exe,running,0.00%,12,19.923
203,14920,voovmeetingapp.exe,running,18.18%,106,259.039
203,16496,voovmeetingapp.exe,running,0.00%,12,19.923
204,14920,voovmeetingapp.exe,running,11.43%,106,259.035
204,16496,voovmeetingapp.exe,running,0.00%,12,19.923
205,14920,voovmeetingapp.exe,running,24.98%,106,260.248
205,16496,voovmeetingapp.exe,running,0.00%,12,19.923
206,14920,voovmeetingapp.exe,running,32.55%,106,260.755
206,16496,voovmeetingapp.exe,running,0.00%,12,19.923
207,14920,voovmeetingapp.exe,running,32.55%,106,260.755
207,16496,voovmeetingapp.exe,running,0.00%,12,19.923
208,14920,voovmeetingapp.exe,running,25.05%,106,260.379
208,16496,voovmeetingapp.exe,running,0.00%,12,19.923
209,14920,voovmeetingapp.exe,running,24.98%,106,260.887
209,16496,voovmeetingapp.exe,running,0.00%,12,19.923
210,14920,voovmeetingapp.exe,running,10.40%,106,260.919
210,16496,voovmeetingapp.exe,running,0.00%,12,19.923
211,14920,voovmeetingapp.exe,running,24.93%,106,260.772
211,16496,voovmeetingapp.exe,running,0.00%,12,19.923
212,14920,voovmeetingapp.exe,running,30.05%,106,260.776
212,16496,voovmeetingapp.exe,running,0.00%,12,19.923
213,14920,voovmeetingapp.exe,running,27.55%,106,261.353
213,16496,voovmeetingapp.exe,running,0.00%,12,19.923
214,14920,voovmeetingapp.exe,running,25.02%,106,260.780
214,16496,voovmeetingapp.exe,running,0.00%,12,19.923
215,14920,voovmeetingapp.exe,running,20.02%,105,260.858
215,16496,voovmeetingapp.exe,running,0.00%,12,19.923
216,14920,voovmeetingapp.exe,running,20.02%,105,261.038
216,16496,voovmeetingapp.exe,running,0.00%,12,19.923
217,14920,voovmeetingapp.exe,running,15.03%,105,260.596
217,16496,voovmeetingapp.exe,running,0.00%,12,19.923
218,14920,voovmeetingapp.exe,running,18.70%,106,276.472
218,16496,voovmeetingapp.exe,running,0.00%,12,19.923
219,14920,voovmeetingapp.exe,running,47.70%,106,322.585
219,16496,voovmeetingapp.exe,running,0.00%,12,19.923
220,14920,voovmeetingapp.exe,running,53.88%,106,322.302
220,16496,voovmeetingapp.exe,running,0.00%,12,19.923
221,14920,voovmeetingapp.exe,running,38.30%,106,322.515
221,16496,voovmeetingapp.exe,running,0.00%,12,19.923
222,14920,voovmeetingapp.exe,running,34.08%,106,322.642
222,16496,voovmeetingapp.exe,running,0.00%,12,19.923
223,14920,voovmeetingapp.exe,running,45.08%,106,323.138
223,16496,voovmeetingapp.exe,running,0.00%,12,19.923
224,14920,voovmeetingapp.exe,running,40.88%,106,322.826
224,16496,voovmeetingapp.exe,running,0.00%,12,19.923
225,14920,voovmeetingapp.exe,running,52.23%,105,322.187
225,16496,voovmeetingapp.exe,running,0.00%,12,19.923
226,14920,voovmeetingapp.exe,running,36.55%,106,323.154
226,16496,voovmeetingapp.exe,running,0.00%,14,19.976
227,14920,voovmeetingapp.exe,running,50.02%,106,322.314
227,16496,voovmeetingapp.exe,running,0.00%,14,19.976
228,14920,voovmeetingapp.exe,running,31.80%,105,316.735
228,16496,voovmeetingapp.exe,running,0.00%,14,19.976
229,14920,voovmeetingapp.exe,running,31.80%,105,316.441
229,16496,voovmeetingapp.exe,running,0.00%,14,19.976
230,14920,voovmeetingapp.exe,running,43.88%,105,311.349
230,16496,voovmeetingapp.exe,running,0.00%,14,19.976
231,14920,voovmeetingapp.exe,running,33.25%,105,310.571
231,16496,voovmeetingapp.exe,running,0.00%,14,19.976
232,14920,voovmeetingapp.exe,running,30.05%,105,311.853
232,16496,voovmeetingapp.exe,running,0.00%,14,19.976
233,14920,voovmeetingapp.exe,running,36.33%,105,311.058
233,16496,voovmeetingapp.exe,running,0.00%,14,19.976
234,14920,voovmeetingapp.exe,running,35.05%,105,311.235
234,16496,voovmeetingapp.exe,running,0.00%,14,19.976
235,14920,voovmeetingapp.exe,running,27.55%,105,311.235
235,16496,voovmeetingapp.exe,running,0.00%,14,19.976
236,14920,voovmeetingapp.exe,running,35.05%,105,310.628
236,16496,voovmeetingapp.exe,running,0.00%,14,19.976
237,14920,voovmeetingapp.exe,running,34.08%,106,311.263
237,16496,voovmeetingapp.exe,running,0.00%,14,19.976
238,14920,voovmeetingapp.exe,running,38.48%,106,310.952
238,16496,voovmeetingapp.exe,running,0.00%,14,19.976
239,14920,voovmeetingapp.exe,running,35.33%,106,310.952
239,16496,voovmeetingapp.exe,running,0.00%,14,19.976
240,14920,voovmeetingapp.exe,running,45.08%,106,311.239
240,16496,voovmeetingapp.exe,running,0.00%,14,19.976
241,14920,voovmeetingapp.exe,running,42.30%,106,310.632
241,16496,voovmeetingapp.exe,running,0.00%,14,19.976
242,14920,voovmeetingapp.exe,running,30.05%,106,311.239
242,16496,voovmeetingapp.exe,running,0.00%,14,19.976
243,14920,voovmeetingapp.exe,running,37.55%,106,308.064
243,16496,voovmeetingapp.exe,running,0.00%,14,19.976
244,14920,voovmeetingapp.exe,running,34.08%,106,307.462
244,16496,voovmeetingapp.exe,running,0.00%,14,19.976
245,14920,voovmeetingapp.exe,running,29.52%,106,308.064
245,16496,voovmeetingapp.exe,running,0.00%,14,19.976
246,14920,voovmeetingapp.exe,running,38.60%,105,308.036
246,16496,voovmeetingapp.exe,running,0.00%,14,19.976
247,14920,voovmeetingapp.exe,running,37.60%,105,309.502
247,16496,voovmeetingapp.exe,running,0.00%,14,19.976
248,14920,voovmeetingapp.exe,running,32.35%,106,310.149
248,16496,voovmeetingapp.exe,running,0.00%,14,19.976
249,14920,voovmeetingapp.exe,running,30.48%,106,310.149
249,16496,voovmeetingapp.exe,running,0.00%,14,19.976
250,14920,voovmeetingapp.exe,running,32.35%,106,309.543
250,16496,voovmeetingapp.exe,running,0.00%,14,19.976
251,14920,voovmeetingapp.exe,running,31.98%,106,310.149
251,16496,voovmeetingapp.exe,running,0.00%,14,19.976
252,14920,voovmeetingapp.exe,running,35.05%,106,310.153
252,16496,voovmeetingapp.exe,running,0.00%,14,19.976
253,14920,voovmeetingapp.exe,running,32.55%,106,309.547
253,16496,voovmeetingapp.exe,running,0.00%,14,19.976
254,14920,voovmeetingapp.exe,running,30.05%,106,308.888
254,16496,voovmeetingapp.exe,running,0.00%,14,19.976
255,14920,voovmeetingapp.exe,running,38.60%,106,310.153
255,16496,voovmeetingapp.exe,running,0.00%,14,19.976
256,14920,voovmeetingapp.exe,running,42.30%,106,309.547
256,16496,voovmeetingapp.exe,running,0.00%,14,19.976
257,14920,voovmeetingapp.exe,running,35.05%,106,310.153
257,16496,voovmeetingapp.exe,running,0.00%,14,19.976
258,14920,voovmeetingapp.exe,running,45.42%,106,309.842
258,16496,voovmeetingapp.exe,running,0.00%,14,19.976
259,14920,voovmeetingapp.exe,running,29.52%,105,309.780
259,16496,voovmeetingapp.exe,running,0.00%,14,19.976
260,14920,voovmeetingapp.exe,running,29.52%,105,312.062
260,16496,voovmeetingapp.exe,running,0.00%,14,19.976
261,14920,voovmeetingapp.exe,running,21.18%,105,311.562
261,16496,voovmeetingapp.exe,running,0.00%,14,19.976
262,14920,voovmeetingapp.exe,running,29.85%,106,312.197
262,16496,voovmeetingapp.exe,running,0.00%,14,19.976
263,14920,voovmeetingapp.exe,running,22.70%,106,312.803
263,16496,voovmeetingapp.exe,running,0.00%,14,19.976
264,14920,voovmeetingapp.exe,running,37.33%,106,312.803
264,16496,voovmeetingapp.exe,running,0.00%,14,19.976
265,14920,voovmeetingapp.exe,running,30.48%,106,312.492
265,16496,voovmeetingapp.exe,running,0.00%,14,19.976
266,14920,voovmeetingapp.exe,running,21.88%,106,310.817
266,16496,voovmeetingapp.exe,running,0.00%,14,19.976
267,14920,voovmeetingapp.exe,running,22.85%,105,310.788
267,16496,voovmeetingapp.exe,running,0.00%,14,19.976
268,14920,voovmeetingapp.exe,running,37.55%,105,312.300
268,16496,voovmeetingapp.exe,running,0.00%,14,19.976
269,14920,voovmeetingapp.exe,running,35.05%,105,311.341
269,16496,voovmeetingapp.exe,running,0.00%,14,19.976
270,14920,voovmeetingapp.exe,running,24.93%,104,311.439
270,16496,voovmeetingapp.exe,running,0.00%,14,19.976
271,14920,voovmeetingapp.exe,running,29.85%,104,312.529
271,16496,voovmeetingapp.exe,running,0.00%,14,19.976
272,14920,voovmeetingapp.exe,running,30.05%,104,312.820
272,16496,voovmeetingapp.exe,running,0.00%,14,19.976
273,14920,voovmeetingapp.exe,running,23.10%,104,312.820
273,16496,voovmeetingapp.exe,running,0.00%,14,19.976
274,14920,voovmeetingapp.exe,running,25.02%,104,313.131
274,16496,voovmeetingapp.exe,running,0.00%,14,19.976
275,14920,voovmeetingapp.exe,running,29.25%,104,312.525
275,16496,voovmeetingapp.exe,running,0.00%,14,19.976
276,14920,voovmeetingapp.exe,running,24.98%,104,313.197
276,16496,voovmeetingapp.exe,running,0.00%,14,19.976
277,14920,voovmeetingapp.exe,running,29.85%,105,311.874
277,16496,voovmeetingapp.exe,running,0.00%,14,19.976
278,14920,voovmeetingapp.exe,running,27.25%,105,312.717
278,16496,voovmeetingapp.exe,running,0.00%,14,19.976
279,14920,voovmeetingapp.exe,running,34.08%,105,312.717
279,16496,voovmeetingapp.exe,running,0.00%,14,19.976
280,14920,voovmeetingapp.exe,running,38.60%,105,313.012
280,16496,voovmeetingapp.exe,running,0.00%,14,19.976
281,14920,voovmeetingapp.exe,running,32.55%,105,313.012
281,16496,voovmeetingapp.exe,running,0.00%,14,19.976
282,14920,voovmeetingapp.exe,running,31.98%,105,312.717
282,16496,voovmeetingapp.exe,running,0.00%,14,19.976
283,14920,voovmeetingapp.exe,running,41.55%,104,313.524
283,16496,voovmeetingapp.exe,running,0.00%,14,19.976
284,14920,voovmeetingapp.exe,running,31.80%,105,313.553
284,16496,voovmeetingapp.exe,running,0.00%,12,19.923
285,14920,voovmeetingapp.exe,running,29.10%,105,313.864
285,16496,voovmeetingapp.exe,running,0.00%,12,19.923
286,14920,voovmeetingapp.exe,running,35.05%,105,313.864
286,16496,voovmeetingapp.exe,running,0.00%,12,19.923
287,14920,voovmeetingapp.exe,running,22.70%,105,313.750
287,16496,voovmeetingapp.exe,running,0.00%,12,19.923
288,14920,voovmeetingapp.exe,running,25.02%,104,313.733
288,16496,voovmeetingapp.exe,running,0.00%,12,19.923
289,14920,voovmeetingapp.exe,running,18.38%,102,313.369
289,16496,voovmeetingapp.exe,running,0.00%,12,19.923
290,14920,voovmeetingapp.exe,running,29.52%,102,313.074
290,16496,voovmeetingapp.exe,running,0.00%,12,19.923
291,14920,voovmeetingapp.exe,running,16.68%,102,274.833
291,16496,voovmeetingapp.exe,running,0.00%,12,19.853
292,14920,voovmeetingapp.exe,running,18.70%,102,276.255
292,16496,voovmeetingapp.exe,running,0.00%,12,19.853
293,14920,voovmeetingapp.exe,running,32.55%,101,276.529
293,16496,voovmeetingapp.exe,running,0.00%,12,19.853
294,14920,voovmeetingapp.exe,running,34.08%,102,276.562
294,16496,voovmeetingapp.exe,running,0.00%,12,19.853
295,14920,voovmeetingapp.exe,running,36.38%,102,276.799
295,16496,voovmeetingapp.exe,running,0.00%,12,19.853
296,14920,voovmeetingapp.exe,running,31.25%,103,278.737
296,16496,voovmeetingapp.exe,running,0.00%,12,19.853
297,14920,voovmeetingapp.exe,running,35.05%,103,278.450
297,16496,voovmeetingapp.exe,running,0.00%,12,19.853
298,14920,voovmeetingapp.exe,running,29.70%,102,278.422
298,16496,voovmeetingapp.exe,running,0.00%,12,19.853
299,14920,voovmeetingapp.exe,running,35.05%,102,278.729
299,16496,voovmeetingapp.exe,running,0.00%,12,19.853
300,14920,voovmeetingapp.exe,running,30.05%,102,278.307
300,16496,voovmeetingapp.exe,running,0.00%,12,19.853
301,14920,voovmeetingapp.exe,running,34.83%,102,278.004
301,16496,voovmeetingapp.exe,running,0.00%,12,19.853
302,14920,voovmeetingapp.exe,running,29.85%,102,278.307
302,16496,voovmeetingapp.exe,running,0.00%,12,19.853
303,14920,voovmeetingapp.exe,running,39.42%,102,279.048
303,16496,voovmeetingapp.exe,running,0.00%,12,19.853
304,14920,voovmeetingapp.exe,running,13.62%,103,289.976
304,16496,voovmeetingapp.exe,running,0.00%,12,19.853
305,14920,voovmeetingapp.exe,running,33.25%,103,289.481
305,16496,voovmeetingapp.exe,running,0.00%,12,19.853
306,14920,voovmeetingapp.exe,running,31.80%,103,289.923
306,16496,voovmeetingapp.exe,running,0.00%,12,19.853
307,14920,voovmeetingapp.exe,running,34.08%,103,289.985
307,16496,voovmeetingapp.exe,running,0.00%,12,19.853
308,14920,voovmeetingapp.exe,running,35.05%,103,289.354
308,16496,voovmeetingapp.exe,running,0.00%,12,19.853
309,14920,voovmeetingapp.exe,running,39.48%,103,289.243
309,16496,voovmeetingapp.exe,running,0.00%,12,19.853
310,14920,voovmeetingapp.exe,running,24.93%,103,289.538
310,16496,voovmeetingapp.exe,running,0.00%,12,19.853
311,14920,voovmeetingapp.exe,running,26.95%,103,288.121
311,16496,voovmeetingapp.exe,running,0.00%,12,19.857
312,14920,voovmeetingapp.exe,running,37.55%,103,289.497
312,16496,voovmeetingapp.exe,running,0.00%,12,19.857
313,14920,voovmeetingapp.exe,running,40.08%,103,290.046
313,16496,voovmeetingapp.exe,running,0.00%,12,19.857
314,14920,voovmeetingapp.exe,running,43.15%,103,289.796
314,16496,voovmeetingapp.exe,running,0.00%,12,19.857
315,14920,voovmeetingapp.exe,running,36.33%,103,289.493
315,16496,voovmeetingapp.exe,running,0.00%,12,19.857
316,14920,voovmeetingapp.exe,running,29.85%,103,289.083
316,16496,voovmeetingapp.exe,running,0.00%,12,19.857
317,14920,voovmeetingapp.exe,running,45.70%,103,289.083
317,16496,voovmeetingapp.exe,running,0.00%,12,19.857
318,14920,voovmeetingapp.exe,running,40.08%,103,289.083
318,16496,voovmeetingapp.exe,running,0.00%,12,19.857
319,14920,voovmeetingapp.exe,running,27.25%,103,288.518
319,16496,voovmeetingapp.exe,running,0.00%,12,19.857
320,14920,voovmeetingapp.exe,running,37.60%,103,289.083
320,16496,voovmeetingapp.exe,running,0.00%,12,19.857
321,14920,voovmeetingapp.exe,running,39.80%,103,289.083
321,16496,voovmeetingapp.exe,running,0.00%,12,19.857
322,14920,voovmeetingapp.exe,running,27.55%,103,288.518
322,16496,voovmeetingapp.exe,running,0.00%,12,19.857
323,14920,voovmeetingapp.exe,running,44.33%,103,289.083
323,16496,voovmeetingapp.exe,running,0.00%,12,19.857
324,14920,voovmeetingapp.exe,running,32.55%,103,289.083
324,16496,voovmeetingapp.exe,running,0.00%,12,19.857
325,14920,voovmeetingapp.exe,running,40.88%,103,288.813
325,16496,voovmeetingapp.exe,running,0.00%,12,19.857
326,14920,voovmeetingapp.exe,running,35.33%,103,288.518
326,16496,voovmeetingapp.exe,running,0.00%,12,19.857
327,14920,voovmeetingapp.exe,running,47.70%,103,288.813
327,16496,voovmeetingapp.exe,running,0.00%,12,19.857
328,14920,voovmeetingapp.exe,running,36.33%,103,288.813
328,16496,voovmeetingapp.exe,running,0.00%,12,19.857
329,14920,voovmeetingapp.exe,running,34.08%,103,288.518
329,16496,voovmeetingapp.exe,running,0.00%,12,19.857
330,14920,voovmeetingapp.exe,running,39.80%,103,288.813
330,16496,voovmeetingapp.exe,running,0.00%,12,19.857
331,14920,voovmeetingapp.exe,running,32.55%,103,290.128
331,16496,voovmeetingapp.exe,running,0.00%,12,19.857
332,14920,voovmeetingapp.exe,running,40.08%,103,288.522
332,16496,voovmeetingapp.exe,running,0.00%,12,19.857
333,14920,voovmeetingapp.exe,running,40.40%,103,288.817
333,16496,voovmeetingapp.exe,running,0.00%,12,19.857
334,14920,voovmeetingapp.exe,running,35.05%,103,288.817
334,16496,voovmeetingapp.exe,running,0.00%,12,19.857
335,14920,voovmeetingapp.exe,running,29.52%,103,287.138
335,16496,voovmeetingapp.exe,running,0.00%,12,19.857
336,14920,voovmeetingapp.exe,running,41.12%,103,288.817
336,16496,voovmeetingapp.exe,running,0.00%,12,19.857
337,14920,voovmeetingapp.exe,running,34.08%,104,288.850
337,16496,voovmeetingapp.exe,running,0.00%,12,19.857
338,14920,voovmeetingapp.exe,running,29.52%,104,288.555
338,16496,voovmeetingapp.exe,running,0.00%,12,19.857
339,14920,voovmeetingapp.exe,running,50.08%,104,288.850
339,16496,voovmeetingapp.exe,running,0.00%,12,19.857
340,14920,voovmeetingapp.exe,running,45.08%,104,288.850
340,16496,voovmeetingapp.exe,running,0.00%,12,19.857
341,14920,voovmeetingapp.exe,running,36.02%,104,288.555
341,16496,voovmeetingapp.exe,running,0.00%,12,19.857
342,14920,voovmeetingapp.exe,running,44.60%,104,288.969
342,16496,voovmeetingapp.exe,running,0.00%,12,19.857
343,14920,voovmeetingapp.exe,running,32.55%,103,288.956
343,16496,voovmeetingapp.exe,running,0.00%,12,19.857
344,14920,voovmeetingapp.exe,running,30.05%,103,288.645
344,16496,voovmeetingapp.exe,running,0.00%,12,19.857
345,14920,voovmeetingapp.exe,running,40.08%,104,288.969
345,16496,voovmeetingapp.exe,running,0.00%,12,19.857
346,14920,voovmeetingapp.exe,running,42.58%,104,288.965
346,16496,voovmeetingapp.exe,running,0.00%,12,19.857
347,14920,voovmeetingapp.exe,running,49.98%,104,288.670
347,16496,voovmeetingapp.exe,running,0.00%,12,19.857
348,14920,voovmeetingapp.exe,running,32.55%,103,288.928
348,16496,voovmeetingapp.exe,running,0.00%,12,19.857
349,14920,voovmeetingapp.exe,running,38.60%,103,288.928
349,16496,voovmeetingapp.exe,running,0.00%,12,19.857
350,14920,voovmeetingapp.exe,running,46.88%,103,288.641
350,16496,voovmeetingapp.exe,running,0.00%,12,19.857
351,14920,voovmeetingapp.exe,running,32.55%,101,288.874
351,16496,voovmeetingapp.exe,running,0.00%,12,19.857
352,14920,voovmeetingapp.exe,running,32.55%,101,287.650
352,16496,voovmeetingapp.exe,running,0.00%,12,19.857
353,14920,voovmeetingapp.exe,running,29.52%,102,288.616
353,16496,voovmeetingapp.exe,running,0.00%,12,19.857
354,14920,voovmeetingapp.exe,running,27.55%,102,288.903
354,16496,voovmeetingapp.exe,running,0.00%,12,19.857
355,14920,voovmeetingapp.exe,running,34.08%,102,288.903
355,16496,voovmeetingapp.exe,running,0.00%,12,19.857
356,14920,voovmeetingapp.exe,running,37.55%,102,288.616
356,16496,voovmeetingapp.exe,running,0.00%,12,19.857
357,14920,voovmeetingapp.exe,running,34.08%,102,288.903
357,16496,voovmeetingapp.exe,running,0.00%,12,19.857
358,14920,voovmeetingapp.exe,running,29.25%,102,288.903
358,16496,voovmeetingapp.exe,running,0.00%,12,19.857
359,14920,voovmeetingapp.exe,running,49.88%,102,287.826
359,16496,voovmeetingapp.exe,running,0.00%,12,19.857
360,14920,voovmeetingapp.exe,running,32.55%,102,287.265
360,16496,voovmeetingapp.exe,running,0.00%,12,19.857
361,14920,voovmeetingapp.exe,running,29.85%,102,287.826
361,16496,voovmeetingapp.exe,running,0.00%,12,19.857
362,14920,voovmeetingapp.exe,running,36.33%,102,287.830
362,16496,voovmeetingapp.exe,running,0.00%,12,19.857
363,14920,voovmeetingapp.exe,running,29.85%,102,287.269
363,16496,voovmeetingapp.exe,running,0.00%,12,19.857
364,14920,voovmeetingapp.exe,running,40.88%,102,287.830
364,16496,voovmeetingapp.exe,running,0.00%,12,19.857
365,14920,voovmeetingapp.exe,running,35.05%,102,287.269
365,16496,voovmeetingapp.exe,running,0.00%,12,19.857
366,14920,voovmeetingapp.exe,running,32.55%,102,287.584
366,16496,voovmeetingapp.exe,running,0.00%,12,19.857
367,14920,voovmeetingapp.exe,running,37.55%,103,287.597
367,16496,voovmeetingapp.exe,running,0.00%,12,19.857
368,14920,voovmeetingapp.exe,running,34.08%,103,287.338
368,16496,voovmeetingapp.exe,running,0.00%,12,19.857
369,14920,voovmeetingapp.exe,running,27.55%,103,287.625
369,16496,voovmeetingapp.exe,running,2.50%,12,19.857
370,14920,voovmeetingapp.exe,running,27.90%,103,287.621
370,16496,voovmeetingapp.exe,running,0.00%,12,19.857
371,14920,voovmeetingapp.exe,running,30.05%,103,287.334
371,16496,voovmeetingapp.exe,running,0.00%,12,19.857
372,14920,voovmeetingapp.exe,running,35.05%,103,287.621
372,16496,voovmeetingapp.exe,running,0.00%,12,19.857
373,14920,voovmeetingapp.exe,running,22.70%,103,287.621
373,16496,voovmeetingapp.exe,running,0.00%,12,19.857
374,14920,voovmeetingapp.exe,running,36.27%,103,287.334
374,16496,voovmeetingapp.exe,running,0.00%,12,19.857
375,14920,voovmeetingapp.exe,running,34.08%,103,287.621
375,16496,voovmeetingapp.exe,running,0.00%,12,19.857
376,14920,voovmeetingapp.exe,running,42.58%,103,287.621
376,16496,voovmeetingapp.exe,running,0.00%,12,19.857
377,14920,voovmeetingapp.exe,running,32.55%,103,287.363
377,16496,voovmeetingapp.exe,running,0.00%,12,19.857
378,14920,voovmeetingapp.exe,running,36.02%,103,287.633
378,16496,voovmeetingapp.exe,running,0.00%,12,19.857
379,14920,voovmeetingapp.exe,running,22.40%,103,287.633
379,16496,voovmeetingapp.exe,running,0.00%,12,19.857
380,14920,voovmeetingapp.exe,running,37.55%,104,287.695
380,16496,voovmeetingapp.exe,running,0.00%,12,19.857
381,14920,voovmeetingapp.exe,running,50.08%,104,287.695
381,16496,voovmeetingapp.exe,running,0.00%,12,19.857
382,14920,voovmeetingapp.exe,running,29.25%,104,288.244
382,16496,voovmeetingapp.exe,running,0.00%,12,19.857
383,14920,voovmeetingapp.exe,running,30.05%,104,287.691
383,16496,voovmeetingapp.exe,running,0.00%,12,19.857
384,14920,voovmeetingapp.exe,running,32.55%,104,287.691
384,16496,voovmeetingapp.exe,running,0.00%,12,19.857
385,14920,voovmeetingapp.exe,running,31.80%,104,287.404
385,16496,voovmeetingapp.exe,running,0.00%,12,19.862
386,14920,voovmeetingapp.exe,running,35.05%,104,286.310
386,16496,voovmeetingapp.exe,running,0.00%,12,19.862
387,14920,voovmeetingapp.exe,running,35.05%,104,287.719
387,16496,voovmeetingapp.exe,running,0.00%,12,19.862
388,14920,voovmeetingapp.exe,running,27.55%,104,287.441
388,16496,voovmeetingapp.exe,running,0.00%,12,19.862
389,14920,voovmeetingapp.exe,running,32.55%,104,287.449
389,16496,voovmeetingapp.exe,running,0.00%,12,19.862
390,14920,voovmeetingapp.exe,running,55.10%,104,287.994
390,16496,voovmeetingapp.exe,running,0.00%,12,19.862
391,14920,voovmeetingapp.exe,running,43.23%,104,288.842
391,16496,voovmeetingapp.exe,running,0.00%,12,19.862
392,14920,voovmeetingapp.exe,running,38.60%,104,288.797
392,16496,voovmeetingapp.exe,running,0.00%,12,19.862
393,14920,voovmeetingapp.exe,running,34.08%,104,288.768
393,16496,voovmeetingapp.exe,running,0.00%,12,19.862
394,14920,voovmeetingapp.exe,running,36.33%,104,289.010
394,16496,voovmeetingapp.exe,running,0.00%,12,19.862
395,14920,voovmeetingapp.exe,running,31.32%,104,288.834
395,16496,voovmeetingapp.exe,running,0.00%,12,19.862
396,14920,voovmeetingapp.exe,running,56.77%,104,288.539
396,16496,voovmeetingapp.exe,running,0.00%,12,19.862
397,14920,voovmeetingapp.exe,running,52.23%,104,288.842
397,16496,voovmeetingapp.exe,running,0.00%,12,19.862
398,14920,voovmeetingapp.exe,running,32.35%,104,288.834
398,16496,voovmeetingapp.exe,running,0.00%,12,19.862
399,14920,voovmeetingapp.exe,running,38.83%,105,288.575
399,16496,voovmeetingapp.exe,running,0.00%,12,19.862
400,14920,voovmeetingapp.exe,running,44.77%,105,288.592
400,16496,voovmeetingapp.exe,running,0.00%,12,19.862
401,14920,voovmeetingapp.exe,running,35.33%,105,289.149
401,16496,voovmeetingapp.exe,running,0.00%,12,19.862
402,14920,voovmeetingapp.exe,running,30.05%,105,288.293
402,16496,voovmeetingapp.exe,running,0.00%,12,19.862
403,14920,voovmeetingapp.exe,running,29.52%,105,288.879
403,16496,voovmeetingapp.exe,running,0.00%,12,19.862
404,14920,voovmeetingapp.exe,running,39.42%,105,288.616
404,16496,voovmeetingapp.exe,running,0.00%,14,19.919
405,14920,voovmeetingapp.exe,running,35.05%,105,288.965
405,16496,voovmeetingapp.exe,running,0.00%,14,19.919
406,14920,voovmeetingapp.exe,running,26.95%,106,289.059
406,16496,voovmeetingapp.exe,running,0.00%,14,19.919
407,14920,voovmeetingapp.exe,running,43.15%,106,288.764
407,16496,voovmeetingapp.exe,running,0.00%,14,19.919
408,14920,voovmeetingapp.exe,running,32.55%,106,289.063
408,16496,voovmeetingapp.exe,running,0.00%,14,19.919
409,14920,voovmeetingapp.exe,running,29.52%,106,289.063
409,16496,voovmeetingapp.exe,running,0.00%,14,19.919
410,14920,voovmeetingapp.exe,running,43.15%,106,288.842
410,16496,voovmeetingapp.exe,running,0.00%,14,19.919
411,14920,voovmeetingapp.exe,running,37.40%,106,286.818
411,16496,voovmeetingapp.exe,running,0.00%,14,19.919
412,14920,voovmeetingapp.exe,running,37.45%,106,286.007
412,16496,voovmeetingapp.exe,running,0.00%,14,19.919
413,14920,voovmeetingapp.exe,running,45.42%,106,287.130
413,16496,voovmeetingapp.exe,running,0.00%,14,19.919
414,14920,voovmeetingapp.exe,running,43.15%,106,287.130
414,16496,voovmeetingapp.exe,running,0.00%,14,19.919
415,14920,voovmeetingapp.exe,running,41.55%,105,286.806
415,16496,voovmeetingapp.exe,running,0.00%,14,19.919
416,14920,voovmeetingapp.exe,running,38.60%,106,287.130
416,16496,voovmeetingapp.exe,running,0.00%,14,19.919
417,14920,voovmeetingapp.exe,running,29.52%,106,287.220
417,16496,voovmeetingapp.exe,running,0.00%,14,19.919
418,14920,voovmeetingapp.exe,running,44.25%,106,288.047
418,16496,voovmeetingapp.exe,running,0.00%,14,19.919
419,14920,voovmeetingapp.exe,running,28.12%,98,212.242
419,16496,voovmeetingapp.exe,running,0.00%,14,19.919
420,14920,voovmeetingapp.exe,running,9.38%,83,209.502
420,16496,voovmeetingapp.exe,running,0.00%,14,19.919
421,16496,voovmeetingapp.exe,running,0.00%,14,19.919
422,16496,voovmeetingapp.exe,running,0.00%,14,19.919
423,16496,voovmeetingapp.exe,running,0.00%,14,19.919
424,16496,voovmeetingapp.exe,running,0.00%,14,19.919
